-- MariaDB dump 10.17  Distrib 10.4.15-MariaDB, for Linux (x86_64)
--
-- Host: mysql.hostinger.ro    Database: u574849695_21
-- ------------------------------------------------------
-- Server version	10.4.15-MariaDB-cll-lve

/*!40101 SET @OLD_CHARACTER_SET_CLIENT=@@CHARACTER_SET_CLIENT */;
/*!40101 SET @OLD_CHARACTER_SET_RESULTS=@@CHARACTER_SET_RESULTS */;
/*!40101 SET @OLD_COLLATION_CONNECTION=@@COLLATION_CONNECTION */;
/*!40101 SET NAMES utf8mb4 */;
/*!40103 SET @OLD_TIME_ZONE=@@TIME_ZONE */;
/*!40103 SET TIME_ZONE='+00:00' */;
/*!40014 SET @OLD_UNIQUE_CHECKS=@@UNIQUE_CHECKS, UNIQUE_CHECKS=0 */;
/*!40014 SET @OLD_FOREIGN_KEY_CHECKS=@@FOREIGN_KEY_CHECKS, FOREIGN_KEY_CHECKS=0 */;
/*!40101 SET @OLD_SQL_MODE=@@SQL_MODE, SQL_MODE='NO_AUTO_VALUE_ON_ZERO' */;
/*!40111 SET @OLD_SQL_NOTES=@@SQL_NOTES, SQL_NOTES=0 */;

--
-- Table structure for table `communities`
--

DROP TABLE IF EXISTS `communities`;
/*!40101 SET @saved_cs_client     = @@character_set_client */;
/*!40101 SET character_set_client = utf8 */;
CREATE TABLE `communities` (
  `id` int(10) unsigned NOT NULL AUTO_INCREMENT,
  `name` varchar(45) COLLATE utf8mb4_unicode_ci NOT NULL,
  `desc` varchar(245) COLLATE utf8mb4_unicode_ci DEFAULT NULL,
  `admin_id` int(10) unsigned NOT NULL,
  PRIMARY KEY (`id`),
  KEY `fk_communities_users1_idx` (`admin_id`),
  CONSTRAINT `fk_communities_users1` FOREIGN KEY (`admin_id`) REFERENCES `users` (`id`)
) ENGINE=InnoDB AUTO_INCREMENT=16 DEFAULT CHARSET=utf8mb4 COLLATE=utf8mb4_unicode_ci;
/*!40101 SET character_set_client = @saved_cs_client */;

--
-- Dumping data for table `communities`
--

LOCK TABLES `communities` WRITE;
/*!40000 ALTER TABLE `communities` DISABLE KEYS */;
INSERT INTO `communities` VALUES (1,'iusto','Quis illo ut nihil nemo maxime.',23),(2,'fugiat','Nulla vero odit ipsam repellendus magnam ut fugiat vel.',50),(3,'voluptatem','',70),(4,'esse','Quas voluptas in aperiam minima velit.',96),(5,'in','Voluptate dolor nemo perferendis ut qui cupiditate ut tempora.',93),(6,'aut','',117),(7,'recusandae','',48),(8,'et','Deserunt soluta assumenda nostrum delectus exercitationem consequatur.',105),(9,'repellat','',80),(10,'pariatur','Odit itaque nam aut eum.',100),(11,'qui','',60),(12,'atque','Error quam earum libero facilis ut velit.',30),(13,'aut','',46),(14,'ea','Quisquam sint harum molestiae consequuntur.',12),(15,'molestias','Repudiandae sint ducimus vero eius aut nihil eligendi odit.',30);
/*!40000 ALTER TABLE `communities` ENABLE KEYS */;
UNLOCK TABLES;

--
-- Table structure for table `friend_requests`
--

DROP TABLE IF EXISTS `friend_requests`;
/*!40101 SET @saved_cs_client     = @@character_set_client */;
/*!40101 SET character_set_client = utf8 */;
CREATE TABLE `friend_requests` (
  `from_users_id` int(10) unsigned NOT NULL,
  `to_users_id` int(10) unsigned NOT NULL,
  `status` tinyint(1) NOT NULL DEFAULT 0 COMMENT '-1 - отклонен\n0 - запрос\n1 - принят',
  `created_at` datetime NOT NULL DEFAULT current_timestamp(),
  `updated_at` datetime DEFAULT NULL ON UPDATE current_timestamp(),
  PRIMARY KEY (`from_users_id`,`to_users_id`),
  KEY `fk_friend_requests_users1_idx` (`from_users_id`),
  KEY `fk_friend_requests_users2_idx` (`to_users_id`),
  CONSTRAINT `fk_friend_requests_users1` FOREIGN KEY (`from_users_id`) REFERENCES `users` (`id`),
  CONSTRAINT `fk_friend_requests_users2` FOREIGN KEY (`to_users_id`) REFERENCES `users` (`id`)
) ENGINE=InnoDB DEFAULT CHARSET=utf8mb4 COLLATE=utf8mb4_unicode_ci;
/*!40101 SET character_set_client = @saved_cs_client */;

--
-- Dumping data for table `friend_requests`
--

LOCK TABLES `friend_requests` WRITE;
/*!40000 ALTER TABLE `friend_requests` DISABLE KEYS */;
INSERT INTO `friend_requests` VALUES (1,21,-1,'1985-09-26 04:28:31','0000-00-00 00:00:00'),(4,12,0,'2007-07-09 02:36:00','0000-00-00 00:00:00'),(4,41,0,'2011-10-04 14:30:39','0000-00-00 00:00:00'),(4,78,-1,'1971-10-05 04:08:57','1990-05-01 04:24:31'),(5,90,0,'2002-04-30 01:43:48','0000-00-00 00:00:00'),(5,103,-1,'1986-04-28 07:27:25','0000-00-00 00:00:00'),(5,105,0,'2000-04-26 08:16:57','2010-12-28 21:26:12'),(6,74,-1,'1996-04-14 23:23:36','0000-00-00 00:00:00'),(7,14,0,'1970-07-12 07:07:42','1992-05-10 13:34:55'),(7,94,-1,'2013-04-13 03:18:48','1986-12-11 04:34:31'),(9,4,0,'1986-11-02 18:51:11','2011-06-07 07:16:53'),(9,112,0,'2010-07-06 02:55:01','1975-06-02 19:24:51'),(11,15,0,'1984-09-21 08:17:00','1983-02-08 07:53:36'),(12,111,1,'2003-05-09 02:58:24','2004-01-26 06:08:03'),(15,13,0,'2000-06-16 20:55:42','0000-00-00 00:00:00'),(15,41,-1,'1974-02-23 05:56:24','0000-00-00 00:00:00'),(15,56,1,'1992-07-02 20:33:04','1994-05-21 07:34:03'),(18,13,1,'1993-04-05 14:51:01','0000-00-00 00:00:00'),(19,99,0,'2002-03-26 18:16:42','2005-08-12 16:08:14'),(21,60,-1,'1982-06-09 20:14:28','0000-00-00 00:00:00'),(22,57,0,'2000-07-23 20:04:17','2008-06-22 06:25:57'),(24,47,0,'1999-04-24 23:28:00','0000-00-00 00:00:00'),(25,119,0,'2017-09-05 17:16:04','0000-00-00 00:00:00'),(26,56,-1,'2020-03-07 19:48:15','1999-04-10 12:59:34'),(27,36,1,'2001-11-21 04:04:53','0000-00-00 00:00:00'),(27,43,0,'1998-04-16 20:39:19','1986-01-27 12:11:13'),(27,78,1,'1980-10-12 09:02:33','2009-01-29 04:07:29'),(27,120,-1,'1995-11-30 21:42:54','0000-00-00 00:00:00'),(28,92,1,'2006-04-25 16:27:19','2016-01-05 12:55:06'),(29,9,0,'2015-07-04 18:37:21','0000-00-00 00:00:00'),(30,113,1,'2015-10-12 19:56:45','0000-00-00 00:00:00'),(34,113,1,'1970-11-03 20:54:53','1976-11-27 04:53:40'),(36,6,-1,'2013-01-30 16:03:00','1986-05-22 11:20:37'),(38,20,0,'2005-12-09 19:30:24','1984-11-21 23:35:59'),(39,57,0,'1986-11-03 03:17:18','0000-00-00 00:00:00'),(40,107,0,'1982-03-06 20:47:08','1985-05-08 04:48:21'),(42,93,-1,'2017-01-07 16:35:46','0000-00-00 00:00:00'),(43,52,0,'2013-12-06 22:33:48','0000-00-00 00:00:00'),(44,8,-1,'2000-05-18 13:39:40','1975-06-08 23:03:03'),(44,107,0,'1984-07-10 23:09:07','0000-00-00 00:00:00'),(48,114,-1,'1982-10-14 14:40:01','1984-10-20 15:36:34'),(49,56,1,'1979-10-13 12:37:30','1988-05-07 05:07:54'),(49,77,0,'1984-12-28 12:09:56','0000-00-00 00:00:00'),(52,9,0,'1989-04-06 17:00:39','0000-00-00 00:00:00'),(52,28,-1,'2018-01-29 18:38:35','0000-00-00 00:00:00'),(52,91,-1,'2015-02-25 22:35:53','1988-02-14 19:56:11'),(53,56,0,'2017-08-11 11:49:11','2011-01-18 12:11:44'),(53,71,1,'1975-05-10 07:40:23','1971-10-12 13:09:20'),(53,89,1,'1991-09-20 04:35:07','0000-00-00 00:00:00'),(53,115,1,'2017-02-16 07:49:04','0000-00-00 00:00:00'),(53,119,-1,'2018-04-18 09:48:13','1988-06-08 01:34:16'),(54,36,-1,'2004-02-25 21:48:45','0000-00-00 00:00:00'),(54,62,1,'2013-09-22 17:26:25','1991-05-25 03:47:54'),(56,62,0,'1979-08-16 02:27:32','2003-03-11 01:07:11'),(58,119,-1,'1995-06-15 03:40:24','2006-03-28 22:55:25'),(59,21,1,'1970-12-30 05:39:35','1979-05-03 02:43:12'),(59,104,0,'1973-09-04 13:59:46','0000-00-00 00:00:00'),(60,75,0,'2017-11-14 09:43:47','2009-08-31 11:18:47'),(63,12,1,'1981-04-12 17:09:13','0000-00-00 00:00:00'),(64,79,0,'1982-04-26 19:20:08','2011-02-15 02:35:39'),(65,72,-1,'2014-10-24 21:00:23','0000-00-00 00:00:00'),(65,75,0,'2011-01-14 02:56:31','1989-04-12 13:24:55'),(65,81,-1,'2013-05-06 20:43:41','1989-10-21 14:29:21'),(66,25,0,'2020-09-20 04:53:08','1976-04-23 13:32:46'),(66,63,-1,'1970-11-08 08:18:42','0000-00-00 00:00:00'),(66,76,-1,'2009-04-18 20:18:30','0000-00-00 00:00:00'),(67,28,0,'2003-09-27 15:47:31','1990-05-02 16:38:23'),(68,6,1,'1976-05-13 04:57:18','2002-08-17 17:38:20'),(70,15,0,'2006-10-28 08:24:56','1971-07-11 01:23:58'),(71,71,1,'2003-08-22 22:44:01','0000-00-00 00:00:00'),(72,24,1,'2009-11-16 02:20:14','1976-05-26 06:09:13'),(74,34,0,'2002-06-13 23:32:54','1971-05-30 07:56:02'),(76,83,0,'1970-08-03 17:22:58','2010-01-09 11:51:41'),(78,25,1,'2005-09-10 13:57:42','0000-00-00 00:00:00'),(78,81,1,'2008-12-12 12:04:20','2007-05-30 03:04:29'),(78,104,1,'2012-05-02 08:51:37','0000-00-00 00:00:00'),(79,8,-1,'2000-05-02 06:50:40','2011-01-23 13:21:18'),(80,50,1,'1982-06-18 14:51:36','0000-00-00 00:00:00'),(82,105,0,'1988-02-12 15:56:02','1995-02-24 19:07:33'),(83,8,0,'2020-08-17 10:19:43','1979-08-17 20:59:33'),(83,71,0,'2013-08-31 16:07:58','0000-00-00 00:00:00'),(83,113,0,'1998-09-25 06:38:46','0000-00-00 00:00:00'),(85,22,1,'2014-07-30 16:48:59','2010-02-22 04:56:18'),(85,23,1,'1972-08-20 23:13:23','1986-11-21 18:15:52'),(85,91,0,'1994-06-05 22:22:00','0000-00-00 00:00:00'),(88,7,1,'2020-10-01 12:44:31','0000-00-00 00:00:00'),(88,83,-1,'1987-02-13 03:56:44','0000-00-00 00:00:00'),(88,100,0,'1999-06-12 17:41:11','0000-00-00 00:00:00'),(89,50,-1,'1995-07-22 18:47:16','1979-07-18 23:39:39'),(90,24,1,'1982-06-03 17:46:37','1973-07-03 00:29:15'),(91,48,0,'2009-07-12 11:29:28','0000-00-00 00:00:00'),(91,50,-1,'1990-11-15 08:06:04','1970-11-18 13:09:37'),(91,67,0,'2019-03-02 23:34:03','0000-00-00 00:00:00'),(92,91,1,'1999-02-10 21:22:05','0000-00-00 00:00:00'),(93,19,0,'2009-03-26 15:53:02','2001-04-12 16:10:39'),(94,100,-1,'1993-04-16 09:55:41','0000-00-00 00:00:00'),(97,57,0,'2014-12-08 20:26:47','2010-05-21 02:43:05'),(97,58,0,'1992-08-29 12:54:50','0000-00-00 00:00:00'),(102,118,-1,'1971-08-04 22:39:22','0000-00-00 00:00:00'),(103,33,1,'2003-06-06 17:34:49','2015-06-29 00:07:19'),(103,59,-1,'2017-09-28 12:26:01','2011-03-02 15:03:35'),(103,74,1,'2019-03-03 15:59:07','2006-04-19 03:34:01'),(103,94,1,'2016-08-28 22:10:47','1996-12-22 16:22:05'),(105,111,-1,'1975-04-03 19:08:38','2000-04-11 23:49:47'),(106,39,1,'1994-02-04 15:43:38','0000-00-00 00:00:00'),(106,117,-1,'1995-05-31 07:26:35','0000-00-00 00:00:00'),(107,33,0,'1977-03-17 13:32:01','0000-00-00 00:00:00'),(108,44,0,'1993-11-24 22:02:27','0000-00-00 00:00:00'),(110,42,0,'1998-04-18 20:13:21','1991-05-14 08:12:09'),(110,56,-1,'2004-02-16 04:13:51','1995-06-30 01:43:14'),(110,79,0,'1996-09-14 22:33:04','1978-05-30 19:34:26'),(113,103,-1,'2006-07-30 06:19:09','0000-00-00 00:00:00'),(114,38,-1,'1978-07-15 14:48:55','1972-06-04 03:21:46'),(115,44,0,'1976-09-07 16:25:11','0000-00-00 00:00:00'),(115,96,-1,'1983-08-25 22:08:59','1970-03-11 17:58:15'),(117,70,0,'1974-02-12 00:21:34','1976-08-19 18:39:37'),(117,73,0,'1990-03-21 23:40:34','0000-00-00 00:00:00'),(118,58,-1,'2017-05-14 13:16:04','2018-03-15 18:30:25'),(119,55,-1,'1980-10-21 10:35:48','1999-06-20 03:15:24'),(119,111,0,'1993-08-13 05:22:20','0000-00-00 00:00:00');
/*!40000 ALTER TABLE `friend_requests` ENABLE KEYS */;
UNLOCK TABLES;

--
-- Table structure for table `likes`
--

DROP TABLE IF EXISTS `likes`;
/*!40101 SET @saved_cs_client     = @@character_set_client */;
/*!40101 SET character_set_client = utf8 */;
CREATE TABLE `likes` (
  `id` int(10) unsigned NOT NULL,
  `users_id` int(10) unsigned NOT NULL,
  `posts_id` int(10) unsigned DEFAULT NULL,
  `messages_id` int(10) unsigned DEFAULT NULL,
  `media_id` int(10) unsigned DEFAULT NULL,
  `crated_at` datetime NOT NULL DEFAULT current_timestamp(),
  PRIMARY KEY (`id`),
  UNIQUE KEY `users_posts` (`users_id`,`posts_id`),
  UNIQUE KEY `users_media` (`users_id`,`media_id`),
  UNIQUE KEY `users_messages` (`users_id`,`messages_id`),
  KEY `fk_likes_users1_idx` (`users_id`),
  KEY `fk_likes_posts1_idx` (`posts_id`),
  KEY `fk_likes_messages1_idx` (`messages_id`),
  KEY `fk_likes_media1_idx` (`media_id`),
  CONSTRAINT `fk_likes_media1` FOREIGN KEY (`media_id`) REFERENCES `media` (`id`),
  CONSTRAINT `fk_likes_messages1` FOREIGN KEY (`messages_id`) REFERENCES `messages` (`id`),
  CONSTRAINT `fk_likes_posts1` FOREIGN KEY (`posts_id`) REFERENCES `posts` (`id`),
  CONSTRAINT `fk_likes_users1` FOREIGN KEY (`users_id`) REFERENCES `users` (`id`)
) ENGINE=InnoDB DEFAULT CHARSET=utf8mb4 COLLATE=utf8mb4_unicode_ci;
/*!40101 SET character_set_client = @saved_cs_client */;

--
-- Dumping data for table `likes`
--

LOCK TABLES `likes` WRITE;
/*!40000 ALTER TABLE `likes` DISABLE KEYS */;
INSERT INTO `likes` VALUES (3,19,49,114,96,'1973-09-19 22:03:09'),(5,93,20,54,85,'1982-02-20 21:25:10'),(10,61,45,27,79,'1995-02-04 13:05:04'),(11,31,45,104,74,'2004-02-24 18:11:11'),(18,112,10,74,80,'1979-03-23 01:58:54'),(27,10,56,90,87,'2004-06-24 22:50:00'),(30,36,107,30,8,'1995-11-14 01:33:16'),(47,71,2,44,79,'1999-12-30 01:23:37'),(54,43,16,61,73,'1997-07-03 20:36:12'),(59,30,8,45,117,'1985-10-02 05:17:07'),(68,21,54,41,69,'2016-06-14 05:50:42'),(73,88,79,60,50,'2012-03-28 12:41:10'),(82,77,35,4,76,'1977-02-19 10:31:49'),(86,77,64,16,99,'2002-02-17 07:01:29'),(93,100,99,5,96,'1979-11-13 12:10:27'),(106,120,30,91,99,'1979-08-15 12:19:33'),(111,8,95,75,18,'2015-02-10 01:11:01'),(113,88,13,10,45,'1975-12-11 16:57:28'),(116,66,41,32,65,'1989-02-03 01:52:30'),(120,48,13,120,84,'2019-06-02 14:46:00');
/*!40000 ALTER TABLE `likes` ENABLE KEYS */;
UNLOCK TABLES;

--
-- Table structure for table `media`
--

DROP TABLE IF EXISTS `media`;
/*!40101 SET @saved_cs_client     = @@character_set_client */;
/*!40101 SET character_set_client = utf8 */;
CREATE TABLE `media` (
  `id` int(10) unsigned NOT NULL,
  `media_types_id` int(10) unsigned NOT NULL,
  `users_id` int(10) unsigned DEFAULT NULL,
  `file` varchar(45) COLLATE utf8mb4_unicode_ci DEFAULT NULL COMMENT '/folder/file.jpg\n',
  `blob` blob DEFAULT NULL,
  `metadata` longtext CHARACTER SET utf8mb4 COLLATE utf8mb4_bin DEFAULT NULL,
  `created_at` datetime NOT NULL DEFAULT current_timestamp(),
  `updated_at` datetime DEFAULT NULL,
  PRIMARY KEY (`id`),
  KEY `fk_media_media_types1_idx` (`media_types_id`),
  KEY `fk_media_users1_idx` (`users_id`),
  CONSTRAINT `fk_media_media_types1` FOREIGN KEY (`media_types_id`) REFERENCES `media_types` (`id`),
  CONSTRAINT `fk_media_users1` FOREIGN KEY (`users_id`) REFERENCES `users` (`id`)
) ENGINE=InnoDB DEFAULT CHARSET=utf8mb4 COLLATE=utf8mb4_unicode_ci;
/*!40101 SET character_set_client = @saved_cs_client */;

--
-- Dumping data for table `media`
--

LOCK TABLES `media` WRITE;
/*!40000 ALTER TABLE `media` DISABLE KEYS */;
INSERT INTO `media` VALUES (1,3,66,'video/3gpp2',NULL,NULL,'2016-08-03 23:22:27','1997-08-31 07:09:55'),(2,3,93,'audio/x-ms-wax',NULL,NULL,'1991-09-11 20:37:32','0000-00-00 00:00:00'),(3,3,109,'application/x-cfs-compressed',NULL,NULL,'2011-04-13 09:21:39','2007-01-27 00:05:47'),(4,2,75,'image/x-icon',NULL,NULL,'1970-12-30 10:42:07','0000-00-00 00:00:00'),(5,3,48,'application/x-font-woff',NULL,NULL,'1974-08-04 22:33:56','0000-00-00 00:00:00'),(6,3,66,'application/vnd.dvb.service',NULL,NULL,'2016-04-25 07:30:29','0000-00-00 00:00:00'),(7,1,80,'image/x-cmu-raster',NULL,NULL,'1987-03-30 07:56:10','0000-00-00 00:00:00'),(8,1,53,'application/x-cpio',NULL,NULL,'2015-10-02 05:35:29','0000-00-00 00:00:00'),(9,1,45,'video/x-ms-wmv',NULL,NULL,'2013-08-14 10:34:13','1978-05-10 19:59:53'),(10,1,87,'application/vnd.ms-works',NULL,NULL,'1985-03-07 21:22:28','0000-00-00 00:00:00'),(11,1,95,'application/x-tads',NULL,NULL,'1982-12-17 22:10:01','1973-02-19 09:11:03'),(12,1,25,'application/vnd.data-vision.rdz',NULL,NULL,'2015-02-05 03:25:40','1975-07-08 18:29:53'),(13,2,45,'image/vnd.dwg',NULL,NULL,'2018-12-14 09:13:16','0000-00-00 00:00:00'),(14,1,66,'application/xspf+xml',NULL,NULL,'1982-08-21 01:59:47','1984-05-27 21:04:00'),(15,2,88,'application/vnd.syncml.dm+wbxml',NULL,NULL,'2005-01-08 01:49:35','1988-04-03 15:27:50'),(16,3,96,'application/x-silverlight-app',NULL,NULL,'2009-05-31 11:22:34','0000-00-00 00:00:00'),(17,3,2,'application/x-tgif',NULL,NULL,'1985-02-16 03:57:05','1990-03-10 17:00:27'),(18,1,10,'image/vnd.fpx',NULL,NULL,'2014-04-14 05:09:22','2004-12-30 12:32:16'),(19,3,87,'application/vnd.ms-word.document.macroenabled',NULL,NULL,'2020-07-06 01:27:41','0000-00-00 00:00:00'),(20,3,66,'application/vnd.vcx',NULL,NULL,'1978-07-24 14:51:08','0000-00-00 00:00:00'),(21,1,43,'application/vnd.ms-cab-compressed',NULL,NULL,'2014-06-24 04:40:12','2012-07-21 09:00:34'),(22,2,10,'application/vnd.ms-ims',NULL,NULL,'1985-08-05 20:37:58','2009-12-16 07:36:35'),(23,2,6,'video/vnd.ms-playready.media.pyv',NULL,NULL,'2014-01-07 07:35:47','1985-01-21 14:54:14'),(24,2,60,'application/vnd.visio',NULL,NULL,'1984-05-03 22:30:26','0000-00-00 00:00:00'),(25,2,48,'application/vnd.recordare.musicxml+xml',NULL,NULL,'1992-07-01 04:55:44','0000-00-00 00:00:00'),(26,2,80,'application/vnd.mozilla.xul+xml',NULL,NULL,'2001-05-23 05:27:02','0000-00-00 00:00:00'),(27,1,75,'text/vnd.curl.mcurl',NULL,NULL,'2000-07-30 08:14:38','1982-01-22 17:59:25'),(28,3,72,'application/ogg',NULL,NULL,'1983-11-15 19:21:29','0000-00-00 00:00:00'),(29,1,105,'application/vnd.stepmania.stepchart',NULL,NULL,'1978-02-24 14:36:44','0000-00-00 00:00:00'),(30,2,48,'audio/webm',NULL,NULL,'2008-01-08 10:14:31','2000-09-08 09:00:46'),(31,2,7,'application/vnd.xara',NULL,NULL,'2005-11-09 03:48:01','2017-01-29 14:06:35'),(32,3,2,'application/pkixcmp',NULL,NULL,'1982-04-06 14:52:08','0000-00-00 00:00:00'),(33,2,27,'application/x-sv4crc',NULL,NULL,'1986-10-05 04:48:10','2015-10-31 14:49:38'),(34,3,85,'application/vnd.openxmlformats-officedocument',NULL,NULL,'1973-12-24 09:23:07','0000-00-00 00:00:00'),(35,3,27,'application/mods+xml',NULL,NULL,'2004-01-14 19:13:11','1984-02-03 02:35:58'),(36,2,79,'application/x-ms-application',NULL,NULL,'2015-01-20 19:13:38','2020-11-09 18:12:51'),(37,1,21,'application/x-rar-compressed',NULL,NULL,'1996-07-20 07:49:43','1987-09-22 03:03:13'),(38,2,27,'application/x-mie',NULL,NULL,'2008-06-17 23:01:40','2002-09-05 16:17:52'),(39,3,35,'application/vnd.dpgraph',NULL,NULL,'1971-04-14 00:36:11','1976-02-07 02:23:08'),(40,1,30,'application/java-vm',NULL,NULL,'1970-11-19 15:15:40','0000-00-00 00:00:00'),(41,2,109,'application/x-ms-xbap',NULL,NULL,'2006-06-22 03:58:17','0000-00-00 00:00:00'),(42,1,73,'application/java-vm',NULL,NULL,'1980-02-28 17:28:53','1980-08-14 23:39:25'),(43,2,57,'application/omdoc+xml',NULL,NULL,'1983-03-30 05:57:38','0000-00-00 00:00:00'),(44,1,88,'application/vnd.openxmlformats-officedocument',NULL,NULL,'2002-01-21 11:02:50','0000-00-00 00:00:00'),(45,1,79,'application/x-bittorrent',NULL,NULL,'2013-03-12 21:11:49','2001-06-06 10:24:33'),(46,3,101,'video/vnd.mpegurl',NULL,NULL,'1975-02-05 13:51:35','0000-00-00 00:00:00'),(47,2,68,'video/x-msvideo',NULL,NULL,'2002-12-04 16:29:49','0000-00-00 00:00:00'),(48,2,6,'application/vnd.oasis.opendocument.image-temp',NULL,NULL,'2001-09-19 17:31:31','0000-00-00 00:00:00'),(49,2,85,'application/vnd.ms-powerpoint.addin.macroenab',NULL,NULL,'1988-05-11 01:28:17','0000-00-00 00:00:00'),(50,3,79,'application/x-ms-wmz',NULL,NULL,'2003-06-03 20:31:22','1971-08-25 22:53:58'),(51,3,117,'video/x-fli',NULL,NULL,'1973-03-08 03:02:30','1982-10-07 20:28:16'),(52,2,12,'text/x-setext',NULL,NULL,'2008-03-29 01:14:08','0000-00-00 00:00:00'),(53,1,89,'audio/x-pn-realaudio-plugin',NULL,NULL,'2019-05-11 10:29:48','0000-00-00 00:00:00'),(54,3,23,'text/turtle',NULL,NULL,'1996-03-17 20:48:09','0000-00-00 00:00:00'),(55,2,51,'application/x-ms-application',NULL,NULL,'2013-05-20 01:05:23','0000-00-00 00:00:00'),(56,1,59,'application/x-cpio',NULL,NULL,'1984-07-31 13:22:08','1981-06-19 18:22:09'),(57,1,37,'application/x-font-ttf',NULL,NULL,'2006-05-26 17:07:50','0000-00-00 00:00:00'),(58,3,27,'application/yin+xml',NULL,NULL,'2003-11-27 06:20:54','0000-00-00 00:00:00'),(59,3,39,'audio/x-ms-wax',NULL,NULL,'1991-10-25 09:51:27','0000-00-00 00:00:00'),(60,2,13,'application/vnd.sun.xml.impress',NULL,NULL,'1997-06-22 10:38:06','1988-01-28 22:38:29'),(61,2,38,'audio/x-pn-realaudio',NULL,NULL,'1981-11-10 06:58:53','0000-00-00 00:00:00'),(62,1,45,'application/x-sh',NULL,NULL,'1999-10-06 04:37:43','0000-00-00 00:00:00'),(63,1,117,'application/vnd.ms-word.template.macroenabled',NULL,NULL,'1992-07-26 03:41:13','1971-01-19 11:02:28'),(64,2,77,'application/lost+xml',NULL,NULL,'1975-08-08 11:00:13','2001-04-07 17:47:46'),(65,1,24,'application/x-msmediaview',NULL,NULL,'1993-11-11 11:20:12','0000-00-00 00:00:00'),(66,3,83,'text/plain',NULL,NULL,'2007-05-19 01:34:49','1999-12-27 22:11:32'),(67,3,84,'application/pls+xml',NULL,NULL,'2018-11-03 10:12:53','1971-09-04 06:43:10'),(68,2,103,'application/vnd.kidspiration',NULL,NULL,'2001-06-01 19:51:08','0000-00-00 00:00:00'),(69,1,90,'application/vnd.ds-keypoint',NULL,NULL,'2017-01-28 19:20:14','1973-04-24 07:26:36'),(70,3,43,'application/lost+xml',NULL,NULL,'2002-05-11 06:53:32','2000-12-18 14:02:37'),(71,2,113,'application/x-x509-ca-cert',NULL,NULL,'2002-08-08 21:18:54','2018-05-18 17:13:16'),(72,2,85,'application/vnd.sun.xml.calc.template',NULL,NULL,'2001-02-07 07:19:05','0000-00-00 00:00:00'),(73,1,58,'application/vnd.openxmlformats-officedocument',NULL,NULL,'1993-12-03 14:28:19','0000-00-00 00:00:00'),(74,3,26,'application/emma+xml',NULL,NULL,'2014-06-08 00:41:37','0000-00-00 00:00:00'),(75,1,2,'application/vnd.ms-cab-compressed',NULL,NULL,'2008-06-08 03:36:26','0000-00-00 00:00:00'),(76,3,16,'application/vnd.oasis.opendocument.database',NULL,NULL,'1985-10-01 13:44:12','1988-05-10 22:29:58'),(77,2,95,'image/webp',NULL,NULL,'2018-04-24 02:18:46','0000-00-00 00:00:00'),(78,3,56,'application/vnd.sailingtracker.track',NULL,NULL,'1976-08-01 04:43:50','2004-05-14 03:14:32'),(79,3,2,'video/vnd.dvb.file',NULL,NULL,'1972-06-18 19:56:59','0000-00-00 00:00:00'),(80,2,34,'application/vnd.shana.informed.interchange',NULL,NULL,'1982-05-02 08:42:10','0000-00-00 00:00:00'),(81,2,101,'application/vnd.denovo.fcselayout-link',NULL,NULL,'1988-11-03 09:27:26','0000-00-00 00:00:00'),(82,2,111,'application/vnd.oasis.opendocument.graphics-t',NULL,NULL,'1988-07-24 22:07:03','1996-03-19 13:09:01'),(83,1,52,'audio/x-pn-realaudio-plugin',NULL,NULL,'1984-02-16 11:51:38','2018-07-26 06:16:04'),(84,1,39,'application/vnd.kde.karbon',NULL,NULL,'1997-03-16 03:50:46','0000-00-00 00:00:00'),(85,2,118,'application/vnd.lotus-freelance',NULL,NULL,'2007-12-22 00:50:47','0000-00-00 00:00:00'),(86,2,64,'message/rfc822',NULL,NULL,'1989-05-29 08:33:04','0000-00-00 00:00:00'),(87,1,116,'application/vnd.openxmlformats-officedocument',NULL,NULL,'1976-03-22 15:56:40','0000-00-00 00:00:00'),(88,2,26,'application/vnd.oasis.opendocument.text',NULL,NULL,'1992-10-29 17:17:48','2016-01-26 08:42:34'),(89,3,82,'application/wspolicy+xml',NULL,NULL,'2010-04-16 22:05:30','0000-00-00 00:00:00'),(90,2,46,'application/vnd.lotus-organizer',NULL,NULL,'1992-07-05 06:23:12','1979-11-30 00:03:06'),(91,1,23,'application/vnd.olpc-sugar',NULL,NULL,'1973-10-10 23:03:47','0000-00-00 00:00:00'),(92,1,17,'text/x-vcard',NULL,NULL,'1980-12-10 20:36:19','0000-00-00 00:00:00'),(93,1,94,'image/x-tga',NULL,NULL,'2012-08-28 20:52:35','0000-00-00 00:00:00'),(94,3,15,'application/vnd.flographit',NULL,NULL,'1973-02-07 13:18:45','0000-00-00 00:00:00'),(95,2,105,'application/vnd.openxmlformats-officedocument',NULL,NULL,'1974-03-31 00:31:08','0000-00-00 00:00:00'),(96,1,111,'application/x-chess-pgn',NULL,NULL,'2019-05-12 16:51:21','0000-00-00 00:00:00'),(97,1,62,'application/x-bittorrent',NULL,NULL,'1985-04-27 06:54:57','0000-00-00 00:00:00'),(98,1,25,'video/x-ms-wvx',NULL,NULL,'1971-10-18 03:43:45','1972-01-28 19:28:22'),(99,1,103,'application/vnd.kenameaapp',NULL,NULL,'2000-11-26 02:00:21','0000-00-00 00:00:00'),(100,3,82,'image/x-tga',NULL,NULL,'2004-07-06 04:18:17','1972-06-02 13:12:13'),(101,2,33,'application/vnd.kde.kchart',NULL,NULL,'1981-02-20 11:10:31','1974-09-11 07:10:18'),(102,2,29,'application/msword',NULL,NULL,'2004-09-10 12:54:55','2020-07-08 20:09:17'),(103,1,75,'video/jpeg',NULL,NULL,'2015-05-03 07:31:17','1997-02-17 01:20:10'),(104,1,56,'application/vnd.xara',NULL,NULL,'2014-08-18 17:57:46','0000-00-00 00:00:00'),(105,2,4,'application/vnd.tcpdump.pcap',NULL,NULL,'2015-02-20 23:54:42','0000-00-00 00:00:00'),(106,3,101,'application/vnd.ms-powerpoint.slide.macroenab',NULL,NULL,'1981-06-23 05:29:51','0000-00-00 00:00:00'),(107,2,71,'application/vnd.ms-powerpoint.slide.macroenab',NULL,NULL,'1988-05-14 06:41:04','0000-00-00 00:00:00'),(108,3,70,'application/x-ms-shortcut',NULL,NULL,'2018-03-29 22:51:04','1980-05-20 09:48:44'),(109,2,94,'video/mp4',NULL,NULL,'1991-02-28 15:20:55','0000-00-00 00:00:00'),(110,3,38,'audio/xm',NULL,NULL,'2017-01-31 07:11:48','0000-00-00 00:00:00'),(111,3,113,'application/vnd.dece.zip',NULL,NULL,'2004-07-13 16:23:27','1993-05-09 15:15:48'),(112,1,24,'application/vnd.ibm.minipay',NULL,NULL,'2007-03-04 16:20:11','0000-00-00 00:00:00'),(113,1,74,'application/epub+zip',NULL,NULL,'1975-04-30 10:43:55','0000-00-00 00:00:00'),(114,3,82,'video/x-f4v',NULL,NULL,'1997-08-06 06:40:04','2006-03-02 10:34:39'),(115,1,92,'text/plain',NULL,NULL,'1995-11-28 16:02:54','0000-00-00 00:00:00'),(116,1,52,'application/vnd.semd',NULL,NULL,'2005-10-16 00:03:42','1995-05-15 02:04:23'),(117,2,84,'image/x-xwindowdump',NULL,NULL,'2020-08-06 03:18:24','1983-01-31 03:26:06'),(118,1,77,'application/x-sql',NULL,NULL,'2008-05-06 07:35:57','1974-03-04 02:31:38'),(119,2,79,'image/ief',NULL,NULL,'1991-12-15 00:10:32','2000-02-21 21:15:36'),(120,3,71,'image/ktx',NULL,NULL,'1997-11-03 04:54:50','1988-06-29 23:17:05');
/*!40000 ALTER TABLE `media` ENABLE KEYS */;
UNLOCK TABLES;

--
-- Table structure for table `media_types`
--

DROP TABLE IF EXISTS `media_types`;
/*!40101 SET @saved_cs_client     = @@character_set_client */;
/*!40101 SET character_set_client = utf8 */;
CREATE TABLE `media_types` (
  `id` int(10) unsigned NOT NULL AUTO_INCREMENT,
  `name` varchar(45) COLLATE utf8mb4_unicode_ci NOT NULL,
  PRIMARY KEY (`id`)
) ENGINE=InnoDB AUTO_INCREMENT=4 DEFAULT CHARSET=utf8mb4 COLLATE=utf8mb4_unicode_ci;
/*!40101 SET character_set_client = @saved_cs_client */;

--
-- Dumping data for table `media_types`
--

LOCK TABLES `media_types` WRITE;
/*!40000 ALTER TABLE `media_types` DISABLE KEYS */;
INSERT INTO `media_types` VALUES (1,'video'),(2,'img'),(3,'audio');
/*!40000 ALTER TABLE `media_types` ENABLE KEYS */;
UNLOCK TABLES;

--
-- Table structure for table `messages`
--

DROP TABLE IF EXISTS `messages`;
/*!40101 SET @saved_cs_client     = @@character_set_client */;
/*!40101 SET character_set_client = utf8 */;
CREATE TABLE `messages` (
  `id` int(10) unsigned NOT NULL AUTO_INCREMENT,
  `from_users_id` int(10) unsigned NOT NULL,
  `to_users_id` int(10) unsigned NOT NULL,
  `text` text COLLATE utf8mb4_unicode_ci DEFAULT NULL,
  `created_at` datetime NOT NULL DEFAULT current_timestamp(),
  `read_at` datetime DEFAULT NULL,
  `media_id` int(10) unsigned DEFAULT NULL,
  PRIMARY KEY (`id`),
  KEY `fk_messages_users1_idx` (`from_users_id`),
  KEY `fk_messages_users2_idx` (`to_users_id`),
  KEY `fk_messages_media1_idx` (`media_id`),
  CONSTRAINT `fk_messages_media1` FOREIGN KEY (`media_id`) REFERENCES `media` (`id`),
  CONSTRAINT `fk_messages_users1` FOREIGN KEY (`from_users_id`) REFERENCES `users` (`id`),
  CONSTRAINT `fk_messages_users2` FOREIGN KEY (`to_users_id`) REFERENCES `users` (`id`)
) ENGINE=InnoDB AUTO_INCREMENT=121 DEFAULT CHARSET=utf8mb4 COLLATE=utf8mb4_unicode_ci;
/*!40101 SET character_set_client = @saved_cs_client */;

--
-- Dumping data for table `messages`
--

LOCK TABLES `messages` WRITE;
/*!40000 ALTER TABLE `messages` DISABLE KEYS */;
INSERT INTO `messages` VALUES (1,46,111,'Adipisci doloremque occaecati alias animi maiores accusamus.','1981-09-01 13:18:48','0000-00-00 00:00:00',37),(2,66,25,'Quis architecto et non.','1981-01-27 15:59:10','0000-00-00 00:00:00',13),(3,88,96,'Occaecati excepturi excepturi eveniet soluta temporibus eligendi corrupti magni.','1978-04-28 02:28:36','0000-00-00 00:00:00',113),(4,111,81,'Sit et dignissimos doloremque iusto deleniti adipisci officia.','2018-03-25 04:20:47','2018-07-19 07:18:14',34),(5,110,13,'Dignissimos natus fugiat at nostrum in in.','2005-07-06 12:40:58','0000-00-00 00:00:00',78),(6,70,69,'Possimus voluptatem velit deserunt ea.','1999-03-13 20:43:11','2020-03-14 07:53:53',90),(7,36,86,'Pariatur qui eos suscipit et et.','2005-10-26 18:17:54','0000-00-00 00:00:00',33),(8,69,1,'Cum dolore voluptates voluptatem velit corrupti quia at.','1990-07-16 21:01:22','0000-00-00 00:00:00',99),(9,48,116,'Facere molestiae sint modi cupiditate.','1986-10-12 13:27:24','0000-00-00 00:00:00',30),(10,72,55,'Cum natus ipsa distinctio accusamus.','2019-05-01 00:27:38','0000-00-00 00:00:00',100),(11,9,100,'Quia nesciunt officiis consequatur deleniti.','2004-07-04 17:07:10','2003-07-16 03:07:22',91),(12,46,46,'Error voluptatem et ut et voluptatem.','1974-12-14 03:55:33','1974-03-01 03:07:10',115),(13,58,14,'Aut possimus placeat est necessitatibus quibusdam quia.','1976-10-28 00:27:58','2010-12-16 13:12:15',90),(14,50,4,'Accusamus a qui molestiae atque ut quae eaque.','1979-04-11 02:32:00','2004-09-19 02:08:00',51),(15,84,114,'Perspiciatis ducimus alias deserunt voluptate qui.','1997-09-10 20:56:31','2013-02-09 15:46:33',64),(16,41,63,'Saepe labore officiis eum nihil similique consequuntur est eos.','1982-12-19 14:39:17','0000-00-00 00:00:00',12),(17,11,98,'Et deserunt est cumque aspernatur voluptatem animi aspernatur.','1988-08-20 16:56:18','1987-03-28 18:51:37',97),(18,43,47,'Temporibus recusandae voluptatem quaerat ut ad ut.','1975-04-14 16:38:31','0000-00-00 00:00:00',98),(19,22,94,'Consectetur id voluptas tempore rerum sint maiores.','1997-04-20 16:05:14','1993-08-10 08:31:11',93),(20,52,45,'Nam dignissimos dolores provident et explicabo sed.','1978-06-08 20:29:19','2000-03-05 08:36:55',27),(21,31,54,'Sint velit distinctio sint quia maiores.','1973-09-16 03:12:58','1991-10-27 02:13:17',7),(22,1,100,'Perspiciatis iusto nemo sint facilis.','2010-02-01 23:54:30','2009-12-12 11:29:20',52),(23,116,37,'Optio sequi tempore aliquid.','2004-07-16 21:11:28','0000-00-00 00:00:00',65),(24,85,87,'Non ratione expedita ipsa quo magni doloribus hic.','1992-12-22 00:43:12','1999-05-25 16:42:48',68),(25,16,50,'Quia illo adipisci similique dolorem cum alias.','1976-08-04 18:35:42','2006-10-04 06:34:02',62),(26,79,91,'Est laboriosam similique libero iure numquam minima.','1976-09-18 11:42:11','1987-06-06 03:51:14',4),(27,90,101,'Aut sapiente provident voluptas id quisquam sed ut nobis.','1971-01-20 01:23:16','0000-00-00 00:00:00',102),(28,67,24,'Earum et molestiae ipsam.','1989-04-07 04:18:01','1972-08-20 05:09:00',28),(29,44,45,'Expedita quod enim et eligendi aut dolorem.','1973-06-08 05:13:04','0000-00-00 00:00:00',2),(30,16,96,'Ut laudantium beatae laudantium unde omnis et numquam necessitatibus.','2013-11-09 12:06:12','1986-08-15 12:45:26',47),(31,43,7,'Explicabo odit qui sunt enim quis quibusdam.','2006-11-08 03:38:17','1994-02-04 18:58:28',101),(32,49,7,'Quo magni provident odio omnis.','2014-09-19 15:51:54','0000-00-00 00:00:00',80),(33,100,3,'Ducimus autem est vero laboriosam dolorem.','1986-09-19 12:13:45','0000-00-00 00:00:00',117),(34,44,87,'Amet quia debitis reiciendis necessitatibus rerum facere.','1983-10-10 20:37:36','2015-03-21 19:48:17',83),(35,112,103,'Voluptatem eligendi minima nobis.','1980-05-24 20:39:21','1973-06-25 20:41:41',13),(36,54,61,'Facilis alias non commodi doloribus eveniet aut.','1971-12-26 06:26:54','0000-00-00 00:00:00',103),(37,57,31,'Non sint aperiam repellat tempore.','1980-01-29 04:43:23','1997-01-11 12:34:53',83),(38,38,98,'Ipsa maiores non eius in.','1999-07-10 15:57:17','2002-01-27 19:32:52',106),(39,66,21,'Tempora error nobis et voluptatem nobis.','1971-12-11 16:13:41','2010-09-22 10:25:17',31),(40,68,37,'Reiciendis quo voluptatem illo at iusto.','1977-01-19 10:03:29','2008-04-22 07:16:04',6),(41,115,79,'Et ipsum omnis et nobis asperiores voluptas fuga.','1981-08-22 04:30:47','0000-00-00 00:00:00',12),(42,95,7,'Et quos quisquam fugit rerum sed est illo reiciendis.','1981-04-05 02:15:58','2015-06-10 09:45:50',19),(43,55,106,'Sapiente enim alias animi earum enim voluptatem.','2015-06-07 07:53:37','0000-00-00 00:00:00',21),(44,51,30,'Veritatis praesentium est quam omnis dolor rerum.','2012-08-29 18:28:42','0000-00-00 00:00:00',108),(45,13,22,'Aut ea eum aut natus cumque mollitia itaque.','1981-10-28 03:09:46','1978-10-17 11:33:44',90),(46,25,75,'Veritatis aliquid dolores eligendi inventore.','1990-08-14 22:57:56','1979-10-29 03:54:27',31),(47,8,12,'Dicta omnis laudantium eos fuga ea est vero.','1985-05-02 00:13:23','0000-00-00 00:00:00',61),(48,91,49,'Nemo qui possimus id pariatur vitae libero rerum.','2015-12-24 17:03:30','0000-00-00 00:00:00',38),(49,76,115,'Voluptatum exercitationem qui saepe ut cumque quisquam.','1992-06-02 02:05:18','0000-00-00 00:00:00',59),(50,107,63,'Ut at quo vitae nesciunt nulla velit est debitis.','2002-07-05 04:01:24','2010-06-13 14:05:46',95),(51,112,57,'Quasi magnam ut qui aut.','2001-11-14 10:58:53','1973-08-29 01:44:02',54),(52,4,31,'Cumque est ex eos sed veniam.','1997-12-01 16:43:23','0000-00-00 00:00:00',60),(53,22,86,'Soluta magnam adipisci et maxime perspiciatis ratione.','2007-04-13 20:22:35','2011-12-29 12:23:16',46),(54,43,16,'Eum enim et quod enim veritatis.','2011-10-31 21:50:03','0000-00-00 00:00:00',76),(55,30,29,'Culpa corporis aliquam animi deserunt ea mollitia et.','1975-09-08 07:49:26','1976-08-06 16:58:20',97),(56,120,54,'Facere accusamus pariatur qui at est dolores.','2006-07-18 08:40:27','2018-09-15 11:37:58',52),(57,30,61,'Veniam sed ut reprehenderit.','1995-03-15 07:58:45','2014-03-19 21:41:40',63),(58,91,31,'A quo voluptate aspernatur ex magni in.','2012-12-06 01:46:16','0000-00-00 00:00:00',112),(59,9,107,'Delectus molestiae illum veritatis.','2010-09-09 11:05:09','0000-00-00 00:00:00',107),(60,68,93,'Ad atque eum rerum sed aut sunt officia.','2014-06-17 12:26:57','0000-00-00 00:00:00',49),(61,42,85,'Ducimus iure blanditiis qui laborum aut nemo qui.','2009-01-04 01:27:35','0000-00-00 00:00:00',105),(62,96,88,'Aut suscipit placeat sit aut.','1975-08-25 18:25:23','0000-00-00 00:00:00',16),(63,35,110,'Quaerat ut voluptatibus ut.','2014-06-15 15:03:03','0000-00-00 00:00:00',101),(64,81,32,'Enim mollitia perspiciatis exercitationem doloribus.','1977-12-09 07:40:00','1996-09-13 05:49:19',117),(65,37,61,'Pariatur ut sint asperiores minus.','1988-01-05 10:53:53','0000-00-00 00:00:00',25),(66,14,61,'Numquam tenetur labore eum et.','2008-06-19 20:57:14','0000-00-00 00:00:00',78),(67,65,91,'Reprehenderit optio ipsum explicabo veritatis eum earum provident dolore.','2005-08-22 22:53:21','2016-08-29 07:25:35',19),(68,8,61,'Necessitatibus rem facilis et temporibus quasi molestiae.','1989-10-12 13:38:46','0000-00-00 00:00:00',49),(69,119,70,'Omnis a sed assumenda quis voluptatem cupiditate ea.','1977-04-03 08:14:28','1973-03-07 15:54:17',36),(70,105,17,'Ad cum occaecati aspernatur autem non.','1974-05-09 18:41:00','0000-00-00 00:00:00',9),(71,34,59,'Et possimus esse nihil qui accusamus quas doloribus.','1997-07-24 19:58:50','1998-11-19 22:43:52',93),(72,18,34,'Eos et occaecati veniam eos sit iste iste.','1975-05-03 22:34:51','1995-07-03 07:47:56',61),(73,34,69,'Libero cumque et illo vero possimus magnam neque.','1999-09-16 22:16:24','0000-00-00 00:00:00',50),(74,14,30,'Ut aut sint illum occaecati quisquam rerum vel.','2007-02-26 14:29:56','1996-01-28 15:59:47',81),(75,10,66,'Eos sunt soluta voluptatibus sunt qui est.','2014-08-26 18:32:32','1991-03-31 20:55:56',22),(76,35,79,'Fugit id doloribus ab.','1979-11-05 03:40:35','1986-06-17 02:23:27',83),(77,112,23,'Magnam soluta labore suscipit harum sunt autem.','1973-05-09 23:26:02','0000-00-00 00:00:00',53),(78,11,31,'Alias beatae rerum rerum dolores.','1979-06-17 00:46:13','0000-00-00 00:00:00',113),(79,59,29,'Eum sapiente aut soluta sit qui voluptatem.','2012-06-19 19:47:49','0000-00-00 00:00:00',63),(80,95,14,'Id blanditiis beatae occaecati ut perspiciatis.','1976-02-15 04:42:48','2011-05-25 04:08:40',80),(81,103,47,'Quaerat occaecati sed perferendis ipsa.','2004-07-21 22:31:42','2018-07-15 06:34:52',19),(82,76,65,'Ad accusantium harum vel.','2000-03-17 04:51:22','1979-03-30 08:32:06',52),(83,16,98,'Similique molestiae repudiandae voluptatem autem.','2012-07-30 13:35:17','0000-00-00 00:00:00',1),(84,66,112,'Aspernatur sunt molestiae omnis ducimus blanditiis nihil.','1996-08-11 00:54:20','0000-00-00 00:00:00',31),(85,27,2,'Dicta et magnam numquam nesciunt qui placeat quo eum.','2018-04-08 11:31:14','0000-00-00 00:00:00',96),(86,48,36,'Illo et modi id.','2000-01-11 00:53:36','2004-01-03 22:23:27',55),(87,11,28,'Quidem reiciendis quod voluptatem voluptatem dicta et minima.','1995-10-10 12:29:34','0000-00-00 00:00:00',78),(88,63,38,'Temporibus architecto neque provident.','2010-01-18 12:26:53','0000-00-00 00:00:00',108),(89,56,97,'In eum rerum quibusdam laudantium et.','2016-04-23 12:10:30','2015-05-18 14:57:33',17),(90,118,71,'Et dicta culpa non.','1975-01-29 16:10:59','0000-00-00 00:00:00',30),(91,78,54,'Eaque eaque ut quidem a quis.','2002-11-05 22:15:32','2014-12-28 18:14:58',77),(92,96,9,'In voluptatem veritatis consequatur delectus aut provident.','2010-07-31 05:42:42','0000-00-00 00:00:00',22),(93,28,25,'Alias facere voluptas asperiores ut laborum.','2012-12-03 17:58:57','0000-00-00 00:00:00',120),(94,28,90,'Illo ratione ut debitis nam occaecati enim laborum minus.','1971-10-24 04:07:27','0000-00-00 00:00:00',111),(95,59,116,'Eos non in vel quas impedit eius totam.','1972-03-25 16:16:39','0000-00-00 00:00:00',112),(96,34,44,'Recusandae fugiat autem voluptates ut aliquam error.','2003-12-10 13:28:08','0000-00-00 00:00:00',28),(97,89,54,'Eaque officiis tempore beatae aut et occaecati et.','1988-09-20 10:52:08','0000-00-00 00:00:00',55),(98,46,117,'Itaque dicta at recusandae magni.','2010-06-14 03:32:14','0000-00-00 00:00:00',93),(99,33,52,'Officia quibusdam nihil dicta perspiciatis eum et ratione.','1980-03-15 18:10:29','2018-08-25 19:26:41',69),(100,49,50,'Et et incidunt quae sit dignissimos libero minima.','2017-12-31 23:30:22','0000-00-00 00:00:00',20),(101,79,7,'Dicta nulla rem pariatur blanditiis.','1979-07-26 07:08:16','0000-00-00 00:00:00',73),(102,35,102,'Animi itaque nostrum rem.','1996-05-04 00:17:47','2007-06-21 12:19:05',82),(103,57,9,'Ex animi quidem numquam tempora.','1992-11-30 04:40:02','0000-00-00 00:00:00',107),(104,56,37,'Aut maiores repudiandae voluptatem mollitia rerum aut ducimus.','1970-10-07 10:45:54','0000-00-00 00:00:00',77),(105,46,95,'Illum consequatur sunt ratione optio nobis.','1978-06-07 04:37:17','1986-09-04 15:28:24',73),(106,38,9,'Autem aut quaerat est vel qui.','1977-01-07 08:12:32','0000-00-00 00:00:00',117),(107,66,97,'Culpa provident fugit eos.','2001-02-21 03:25:47','0000-00-00 00:00:00',50),(108,120,22,'Cum adipisci dolore veritatis qui enim.','2017-06-10 06:53:46','1970-09-02 03:59:31',47),(109,93,54,'Veniam maiores asperiores sit.','1998-02-12 03:02:16','0000-00-00 00:00:00',98),(110,41,103,'Sed dolorem quia quo quo laborum.','2010-11-23 13:34:24','1990-12-11 20:53:07',27),(111,60,61,'Quos dolorem voluptas aspernatur aut deleniti dolore.','2016-10-22 08:55:00','0000-00-00 00:00:00',33),(112,13,96,'Non quam itaque voluptatem qui voluptas iusto.','2004-02-07 02:40:57','0000-00-00 00:00:00',14),(113,95,32,'Odit voluptatibus explicabo veritatis officiis ea repudiandae.','1970-05-21 01:40:45','0000-00-00 00:00:00',23),(114,82,87,'Voluptatem vitae ipsam itaque deserunt accusamus.','2008-06-10 03:08:27','0000-00-00 00:00:00',59),(115,38,13,'Sed blanditiis consequuntur totam qui quidem.','1985-11-20 07:23:16','1976-09-15 08:49:30',33),(116,110,51,'Laborum hic magni quia tempore quo.','1984-01-11 07:45:15','1998-10-29 18:25:56',41),(117,106,116,'Unde dicta est est officia ipsum.','1973-12-21 21:31:30','1997-10-19 19:11:26',17),(118,36,116,'Quo eos sint voluptas.','2012-09-27 22:51:14','1987-06-14 00:52:39',39),(119,82,88,'Enim temporibus sed ex ut omnis.','1998-04-13 23:04:53','1994-06-16 18:29:19',92),(120,60,8,'Eaque est et rerum et cupiditate harum velit enim.','2019-11-02 18:42:50','2006-11-10 16:34:59',75);
/*!40000 ALTER TABLE `messages` ENABLE KEYS */;
UNLOCK TABLES;

--
-- Table structure for table `posts`
--

DROP TABLE IF EXISTS `posts`;
/*!40101 SET @saved_cs_client     = @@character_set_client */;
/*!40101 SET character_set_client = utf8 */;
CREATE TABLE `posts` (
  `id` int(10) unsigned NOT NULL AUTO_INCREMENT,
  `posts_id` int(10) unsigned DEFAULT NULL,
  `users_id` int(10) unsigned NOT NULL,
  `communities_id` int(10) unsigned DEFAULT NULL,
  `text` text COLLATE utf8mb4_unicode_ci DEFAULT NULL,
  `media_id` int(10) unsigned DEFAULT NULL,
  `created_at` datetime NOT NULL DEFAULT current_timestamp(),
  PRIMARY KEY (`id`),
  KEY `fk_posts_users1_idx` (`users_id`),
  KEY `fk_posts_communities1_idx` (`communities_id`),
  KEY `fk_posts_media1_idx` (`media_id`),
  KEY `fk_posts_posts1_idx` (`posts_id`),
  CONSTRAINT `fk_posts_communities1` FOREIGN KEY (`communities_id`) REFERENCES `communities` (`id`),
  CONSTRAINT `fk_posts_media1` FOREIGN KEY (`media_id`) REFERENCES `media` (`id`),
  CONSTRAINT `fk_posts_posts1` FOREIGN KEY (`posts_id`) REFERENCES `posts` (`id`),
  CONSTRAINT `fk_posts_users1` FOREIGN KEY (`users_id`) REFERENCES `users` (`id`)
) ENGINE=InnoDB AUTO_INCREMENT=121 DEFAULT CHARSET=utf8mb4 COLLATE=utf8mb4_unicode_ci;
/*!40101 SET character_set_client = @saved_cs_client */;

--
-- Dumping data for table `posts`
--

LOCK TABLES `posts` WRITE;
/*!40000 ALTER TABLE `posts` DISABLE KEYS */;
INSERT INTO `posts` VALUES (1,NULL,3,1,'Ut aut earum aliquam voluptatibus sint voluptas accusamus.',74,'2012-05-18 13:56:06'),(2,NULL,41,1,'Iusto perspiciatis ut corrupti qui.',115,'2004-01-08 02:53:10'),(3,NULL,115,10,'Ut voluptas possimus in ea eum et quia.',93,'2014-05-13 12:00:53'),(4,NULL,46,6,'Repellendus perspiciatis dolorem similique sunt.',58,'1972-06-15 20:48:03'),(5,NULL,110,14,'Iste sint explicabo eum in doloremque.',80,'1984-06-22 01:46:56'),(6,NULL,82,4,'Pariatur perferendis eius nihil.',114,'2021-01-07 21:48:48'),(7,NULL,5,13,'Odit ut autem ut nihil ipsum ad et.',11,'2014-12-18 02:17:17'),(8,NULL,22,6,'Placeat tempore architecto suscipit quis possimus repudiandae hic est.',70,'1972-07-22 15:29:21'),(9,NULL,88,13,'Sed autem a quia ullam.',44,'1973-10-15 23:16:07'),(10,NULL,9,15,'Ut adipisci voluptatum quae enim aut ut.',36,'2001-05-23 22:56:18'),(11,NULL,20,15,'Ad saepe optio pariatur labore eaque ipsa aut perspiciatis.',39,'2020-06-20 09:27:55'),(12,NULL,93,5,'Ex iste quis qui.',40,'2003-11-28 08:57:05'),(13,NULL,87,5,'Magnam qui sequi earum est aut neque.',118,'2003-01-23 19:31:49'),(14,NULL,59,11,'Veniam eveniet eligendi nobis iure autem deleniti.',41,'2003-04-15 12:23:18'),(15,NULL,117,9,'Voluptate necessitatibus et adipisci beatae illo reprehenderit.',30,'1984-03-15 02:42:52'),(16,NULL,76,4,'Adipisci voluptas atque dignissimos cupiditate velit harum occaecati minus.',62,'1993-11-02 00:05:05'),(17,NULL,69,5,'Cum consequatur sit molestiae libero.',40,'1974-08-16 20:10:03'),(18,NULL,79,8,'Laudantium autem rerum ipsa dolores est eum provident.',81,'1983-09-04 22:52:20'),(19,NULL,29,4,'Ut recusandae eos harum est repellat ratione enim.',59,'1985-07-17 11:47:25'),(20,NULL,72,5,'Nostrum similique enim beatae nemo rerum.',56,'1993-01-04 18:27:47'),(21,NULL,107,7,'Alias asperiores corporis aut.',56,'1993-07-26 18:18:24'),(22,NULL,25,4,'Consequatur iusto voluptas vel vel veniam sequi nihil.',96,'1994-04-03 12:17:07'),(23,NULL,65,14,'Corrupti amet modi earum architecto ducimus repellat esse.',11,'1978-03-06 12:26:39'),(24,NULL,62,7,'Et dolores officia eaque delectus.',91,'2019-09-27 13:46:25'),(25,NULL,102,6,'Eos voluptatibus excepturi laboriosam magni reiciendis.',40,'2004-02-02 11:22:30'),(26,NULL,12,1,'Voluptas eius officia consequatur nostrum.',71,'1988-02-27 07:03:10'),(27,NULL,73,9,'Quia id aliquam ut architecto voluptate natus.',107,'1999-12-21 17:34:53'),(28,NULL,112,4,'Dolore eos similique quaerat explicabo quo.',44,'1981-04-27 20:00:28'),(29,NULL,73,8,'Esse suscipit consequatur adipisci perspiciatis.',68,'1996-07-28 10:22:22'),(30,NULL,12,2,'Quasi enim at voluptatem accusamus dignissimos odit aliquid.',101,'2019-04-16 18:21:52'),(31,NULL,68,15,'Voluptate sit suscipit ut.',34,'2000-11-27 01:25:13'),(32,NULL,4,3,'Recusandae consequatur ipsum est dolorem.',58,'2011-04-20 09:08:28'),(33,NULL,99,11,'Aut itaque illo nostrum aliquam quam placeat.',50,'2012-03-05 12:49:34'),(34,NULL,110,4,'Dolor eum velit et fugit voluptatum.',99,'2000-11-17 18:01:58'),(35,NULL,80,1,'Nihil quia accusamus beatae eaque.',25,'2015-09-21 09:09:39'),(36,NULL,120,3,'Officia esse ipsa recusandae sit nobis aut.',27,'1997-10-29 18:45:03'),(37,NULL,71,12,'Quia non velit eum necessitatibus at rerum.',97,'1977-01-25 23:11:39'),(38,NULL,57,11,'Quaerat id est molestiae totam.',6,'1996-01-15 22:33:14'),(39,NULL,100,5,'Et in iste dolor omnis exercitationem voluptatem voluptatem.',64,'1975-08-23 09:48:43'),(40,NULL,48,6,'Tempora tenetur aut aperiam nihil non accusamus dolorem.',73,'1985-10-22 18:47:13'),(41,NULL,28,15,'Maxime qui blanditiis et voluptate nihil.',68,'1986-06-12 23:52:34'),(42,NULL,61,15,'Neque quia nobis est est ducimus tempora.',89,'1973-05-06 04:49:57'),(43,NULL,119,13,'Sed perferendis est atque facere sequi magnam.',54,'1987-05-23 10:07:50'),(44,NULL,48,11,'Et dignissimos voluptatum et cupiditate cupiditate.',79,'1993-12-26 18:17:20'),(45,NULL,27,6,'Ut iure molestiae omnis aut in quas.',87,'1981-08-27 18:43:52'),(46,NULL,52,6,'Saepe explicabo dolor repellat vel et.',105,'2015-01-04 08:59:28'),(47,NULL,78,15,'Quia sed occaecati eos vel eos debitis.',77,'1982-07-19 15:37:52'),(48,NULL,55,7,'Qui aut iste nesciunt et omnis quod error ipsum.',40,'2000-03-25 07:29:56'),(49,NULL,60,4,'Eligendi sit aperiam ratione provident assumenda.',76,'2005-07-31 15:02:32'),(50,NULL,3,10,'Expedita tempora veniam qui laudantium aut.',4,'1997-11-12 17:35:06'),(51,NULL,75,14,'Labore eos distinctio alias aut ex molestias.',119,'1976-08-25 07:04:56'),(52,NULL,23,6,'Facere quaerat iure blanditiis necessitatibus nulla modi facere.',117,'1999-11-14 05:47:18'),(53,NULL,112,6,'Sit nam perferendis dignissimos dolore vel molestiae.',94,'2003-03-27 23:24:53'),(54,NULL,45,12,'Quos hic maxime rerum provident eligendi.',60,'2012-11-07 13:58:39'),(55,NULL,3,1,'Necessitatibus in corporis iusto omnis veniam.',106,'1980-03-27 15:59:14'),(56,NULL,90,7,'Eius eaque ipsum dolor qui.',31,'1970-06-14 18:20:54'),(57,NULL,74,2,'Officiis deleniti facere quos atque saepe impedit nihil.',27,'1981-01-07 19:57:19'),(58,NULL,31,8,'Cum id et dicta odio velit ratione.',79,'1975-05-08 02:36:04'),(59,NULL,70,1,'Rem et earum nesciunt ex inventore praesentium eaque.',111,'2007-06-29 15:46:34'),(60,NULL,26,1,'Sequi id temporibus id quia sint officiis.',70,'1971-07-16 08:26:59'),(61,NULL,29,11,'Doloribus natus ut nemo totam odio fuga minus ipsum.',56,'1974-11-26 19:37:04'),(62,NULL,28,13,'Qui hic maxime doloremque doloribus quo reprehenderit.',104,'1990-01-08 04:25:17'),(63,NULL,24,12,'Incidunt labore similique atque voluptas.',30,'2006-09-14 19:24:32'),(64,NULL,118,3,'Dolores et vel perferendis atque.',4,'2021-01-03 17:09:25'),(65,NULL,57,3,'Ab voluptatem quaerat quibusdam est.',5,'2008-02-23 08:28:03'),(66,NULL,43,14,'Quia nam nesciunt reprehenderit omnis.',57,'1993-05-08 18:32:47'),(67,NULL,74,9,'Omnis quia a modi et.',66,'1979-12-08 15:26:54'),(68,NULL,100,12,'Sunt totam quibusdam corporis.',10,'1990-05-03 06:37:15'),(69,NULL,58,6,'Debitis ex aut reiciendis accusamus.',13,'1980-10-21 08:24:39'),(70,NULL,49,9,'Enim magni voluptatem ex autem dolorum amet.',19,'2001-02-08 06:24:04'),(71,NULL,118,13,'Natus recusandae possimus voluptas in voluptas et.',100,'1980-07-18 10:25:25'),(72,NULL,54,1,'Voluptatem labore excepturi nihil asperiores tempora.',84,'1973-07-19 15:25:53'),(73,NULL,37,4,'Consequuntur blanditiis autem officia.',59,'1993-06-08 19:57:37'),(74,NULL,67,4,'Laborum pariatur dolores aliquam ducimus ullam veritatis cupiditate.',78,'2008-10-04 02:36:24'),(75,NULL,71,11,'Praesentium natus quo quos eius pariatur.',100,'1984-08-15 10:41:02'),(76,NULL,75,1,'Suscipit deleniti minima assumenda nobis.',91,'2008-12-10 02:43:17'),(77,NULL,11,10,'Non ut reiciendis ullam repellat similique.',36,'2014-08-19 15:23:26'),(78,NULL,77,8,'Ut minima est sit voluptatem ut pariatur.',11,'2007-12-16 13:51:50'),(79,NULL,86,15,'Eum voluptatem saepe consequuntur autem.',56,'1976-08-21 21:46:30'),(80,NULL,99,6,'Perspiciatis dolores aut architecto nihil eum dolores deserunt.',7,'2013-09-12 02:05:11'),(81,NULL,118,6,'Possimus sint sit reprehenderit sed.',106,'1991-05-29 10:20:04'),(82,NULL,98,12,'Ut et est ab beatae.',112,'2008-09-09 02:11:34'),(83,NULL,62,2,'Eaque voluptas atque ipsa repellendus.',21,'1970-08-23 19:28:35'),(84,NULL,120,10,'Repellendus explicabo libero quisquam ducimus.',48,'1991-04-25 13:05:29'),(85,NULL,78,4,'Veritatis iure incidunt quis id.',12,'1982-01-25 09:32:29'),(86,NULL,58,13,'Earum asperiores officia debitis provident corrupti excepturi nihil.',18,'1994-12-04 07:22:32'),(87,NULL,29,15,'Maxime eveniet in itaque atque quis.',97,'2012-02-10 20:59:41'),(88,NULL,64,9,'Ducimus eos id impedit in inventore ut nostrum dolorem.',35,'2015-02-15 05:47:47'),(89,NULL,75,5,'Ratione libero blanditiis voluptatem et laborum vel.',31,'1994-08-16 12:21:26'),(90,NULL,11,2,'Quia eaque at molestiae vitae voluptas itaque fugit quidem.',75,'2005-01-04 13:22:27'),(91,NULL,17,2,'Voluptate ut laudantium commodi neque et eos.',117,'1992-12-17 15:31:00'),(92,NULL,2,14,'Ipsa minus autem consequuntur aut libero et rem.',91,'2020-11-03 08:02:47'),(93,NULL,113,7,'Laudantium odio odit odit et necessitatibus.',103,'1979-10-24 00:58:52'),(94,NULL,14,7,'Dicta doloremque fugit dolore esse voluptatem.',60,'1982-02-11 04:05:22'),(95,NULL,62,1,'Perferendis quaerat quia modi ipsam corporis at.',88,'1985-01-11 07:34:33'),(96,NULL,73,9,'Recusandae deleniti at velit temporibus soluta dolor dolores.',70,'2005-12-24 11:13:28'),(97,NULL,90,12,'Veniam quam doloremque est iure sint cupiditate quia facere.',64,'1976-12-29 11:29:02'),(98,NULL,67,5,'Assumenda non vitae qui temporibus.',14,'1976-07-29 00:00:22'),(99,NULL,101,14,'Minus fugiat et molestiae totam aperiam soluta illum.',50,'2007-08-06 07:20:54'),(100,NULL,12,1,'Vero autem et repellat reprehenderit natus quia.',65,'2008-03-18 13:43:28'),(101,NULL,87,3,'Perspiciatis et cum ad est.',77,'2007-11-24 16:57:35'),(102,NULL,83,3,'Repudiandae vero ut aliquid enim ut.',66,'2012-09-20 14:08:16'),(103,NULL,54,2,'Magni fugiat incidunt repudiandae et.',117,'2015-09-08 22:32:49'),(104,NULL,36,4,'Laborum tempora et rerum maxime aut est provident.',47,'2008-09-06 08:13:50'),(105,NULL,96,11,'Molestiae doloremque facilis quaerat est autem quasi quo.',55,'1974-03-15 05:11:36'),(106,NULL,63,6,'Dolorem exercitationem est ipsa inventore commodi et iure.',120,'1972-05-19 04:11:09'),(107,NULL,13,2,'Reiciendis magnam beatae quisquam voluptatum quidem magni.',93,'2014-08-30 21:39:29'),(108,NULL,77,10,'Enim consequuntur placeat ipsum corrupti.',10,'2010-09-09 09:56:08'),(109,NULL,90,8,'Eum explicabo sed illum.',1,'2000-10-26 09:09:45'),(110,NULL,20,9,'Est nihil rerum maxime eaque eos nam aut.',3,'2017-07-26 18:49:13'),(111,NULL,84,5,'Consectetur sunt quaerat eos beatae.',21,'1992-02-17 21:59:10'),(112,NULL,40,15,'Nam molestias sequi id distinctio sit iusto.',41,'1977-09-10 01:31:44'),(113,NULL,106,7,'At aut eos deleniti et.',54,'2002-02-05 17:03:31'),(114,NULL,102,11,'Nisi et nulla maiores consequatur laudantium quas ullam.',81,'1987-04-05 00:17:18'),(115,NULL,29,8,'Eos ad ut laborum autem.',49,'2018-10-07 11:06:07'),(116,NULL,83,1,'Vitae ut sit tenetur eligendi ut.',89,'1970-01-10 07:15:34'),(117,NULL,82,3,'Cupiditate repellendus sit veniam dolorum aperiam quis est.',100,'1993-11-25 11:23:30'),(118,NULL,55,12,'Ut cumque enim est ut.',57,'2008-10-06 09:45:17'),(119,NULL,64,9,'Assumenda aspernatur dignissimos quas et.',114,'2013-04-15 06:34:52'),(120,NULL,64,11,'Consequatur officia magnam unde adipisci magni inventore aut ea.',63,'2020-07-08 01:14:15');
/*!40000 ALTER TABLE `posts` ENABLE KEYS */;
UNLOCK TABLES;

--
-- Table structure for table `profiles`
--

DROP TABLE IF EXISTS `profiles`;
/*!40101 SET @saved_cs_client     = @@character_set_client */;
/*!40101 SET character_set_client = utf8 */;
CREATE TABLE `profiles` (
  `users_id` int(10) unsigned NOT NULL,
  `firstname` varchar(145) COLLATE utf8mb4_unicode_ci NOT NULL,
  `lastname` varchar(145) COLLATE utf8mb4_unicode_ci NOT NULL,
  `gender` enum('m','f','x') COLLATE utf8mb4_unicode_ci NOT NULL,
  `birthday` date NOT NULL,
  `address` varchar(245) COLLATE utf8mb4_unicode_ci DEFAULT NULL,
  `created_at` datetime NOT NULL DEFAULT current_timestamp(),
  `updated_at` datetime DEFAULT NULL,
  `photo_id` int(10) unsigned DEFAULT NULL,
  PRIMARY KEY (`users_id`),
  KEY `fk_profiles_users_idx` (`users_id`),
  KEY `fk_profiles_media1_idx` (`photo_id`),
  CONSTRAINT `fk_profiles_media1` FOREIGN KEY (`photo_id`) REFERENCES `media` (`id`),
  CONSTRAINT `fk_profiles_users` FOREIGN KEY (`users_id`) REFERENCES `users` (`id`)
) ENGINE=InnoDB DEFAULT CHARSET=utf8mb4 COLLATE=utf8mb4_unicode_ci;
/*!40101 SET character_set_client = @saved_cs_client */;

--
-- Dumping data for table `profiles`
--

LOCK TABLES `profiles` WRITE;
/*!40000 ALTER TABLE `profiles` DISABLE KEYS */;
INSERT INTO `profiles` VALUES (1,'Madie','Dach','m','2003-01-12','412 Beier Fork','2019-01-21 13:05:29','1986-12-12 10:54:37',18),(2,'Luigi','Balistreri','m','2008-03-22','85197 Towne Forges Suite 088','1990-12-15 10:33:00','1976-05-25 20:13:11',84),(3,'Pinkie','Dooley','m','1988-07-17','9406 Doyle Fork Suite 624','1997-10-09 06:31:32','2018-07-16 06:33:19',100),(4,'Mabelle','Hodkiewicz','f','2012-04-08','470 Pouros Vista Suite 563','2010-04-02 13:34:34','0000-00-00 00:00:00',108),(5,'Nicole','Blick','f','2001-08-29','666 Jewell Knoll Suite 702','2011-04-29 03:42:12','1992-04-04 02:53:14',112),(6,'Beth','Brekke','m','2011-04-15','580 Abraham Ports Apt. 514','2017-09-12 14:00:34','0000-00-00 00:00:00',32),(7,'Broderick','Boehm','m','2019-01-11','86626 Arnold Burg','2014-12-31 02:47:43','0000-00-00 00:00:00',60),(8,'Kali','Grant','m','1986-11-26','44714 Vandervort Extensions Suite 217','1987-09-21 04:02:55','2001-07-28 00:53:55',7),(9,'Caitlyn','Crona','m','1995-10-01','9005 Jana Extensions Suite 104','2009-10-29 11:55:43','1998-04-01 14:23:04',110),(10,'Brooks','Russel','f','2000-09-28','202 Ivory Corners','2006-01-07 06:50:08','1999-03-07 15:36:40',79),(11,'Cleo','Sipes','m','1970-06-16','613 Grady Route Suite 237','1999-11-12 16:15:38','0000-00-00 00:00:00',64),(12,'Arvid','Schiller','f','1977-07-12','814 Augustus Path','2010-11-24 03:18:48','0000-00-00 00:00:00',118),(13,'Noah','Ledner','f','1999-03-24','89962 Cesar Stream Apt. 150','2009-05-24 19:53:00','1982-03-09 20:58:45',74),(14,'Felipa','Rohan','f','1974-08-19','066 Feest Street','1973-11-22 08:35:05','0000-00-00 00:00:00',23),(15,'Niko','Adams','f','2014-01-23','66739 Manley Causeway','1997-08-21 13:44:35','1998-09-29 20:28:56',87),(16,'Lilla','Abernathy','m','2015-12-12','25437 Hoppe Ridge Suite 406','1997-09-18 13:25:02','1971-09-20 11:05:03',69),(17,'Ola','O\'Hara','m','1974-04-24','52904 Glennie River','2015-02-03 20:35:20','0000-00-00 00:00:00',7),(18,'Louvenia','Reichert','m','2003-08-18','1214 Balistreri Mountain','1971-04-17 07:49:18','0000-00-00 00:00:00',14),(19,'Chadd','Hessel','f','1992-01-15','58960 Hackett Underpass','1984-10-08 19:33:59','1998-02-10 07:30:10',28),(20,'Demario','Beatty','f','1974-08-07','774 Montana Circle Apt. 868','1978-02-12 03:49:35','2010-04-16 00:48:00',90),(21,'Natasha','Gibson','m','2001-07-24','108 Dickinson Well','1994-08-24 03:21:31','1989-06-14 07:33:39',43),(22,'Horacio','Jacobs','m','1975-01-03','4561 Enrico Garden','1979-09-08 07:14:36','2009-01-06 18:36:14',54),(23,'Teresa','Howell','f','1995-03-20','27250 Alyce Plaza','1970-07-07 09:00:55','0000-00-00 00:00:00',62),(24,'Anthony','Welch','m','1973-01-23','689 Christop Crossing Suite 955','2001-05-01 18:21:34','2008-10-07 22:28:49',109),(25,'Lempi','Pollich','m','1994-06-11','15674 Keara Harbor','1979-04-22 12:40:34','0000-00-00 00:00:00',39),(26,'Ella','Carroll','m','2006-09-29','536 Stephania Inlet Suite 811','2009-05-12 16:45:49','1971-04-09 20:03:45',50),(27,'Glen','Bednar','m','2014-03-07','717 Gleichner Parks Suite 694','2007-03-17 14:30:52','0000-00-00 00:00:00',19),(28,'Americo','Swift','m','2000-02-13','740 Howe Dam','2017-10-11 22:12:31','0000-00-00 00:00:00',21),(29,'Carson','Zboncak','m','1996-07-06','95219 Schimmel Unions Apt. 068','2014-12-11 17:43:41','0000-00-00 00:00:00',60),(30,'Anya','Hirthe','f','1985-10-11','47984 Ruecker Isle','1996-01-05 04:49:34','0000-00-00 00:00:00',7),(31,'Eleanora','Treutel','f','2020-03-17','79544 Leon Rest','2019-08-08 11:45:41','2010-07-21 22:42:32',95),(32,'Vernice','Langosh','m','1979-01-31','4482 Selina Island','2012-02-04 15:53:53','1981-05-14 10:27:51',77),(33,'Alvah','Pfeffer','m','1986-05-30','72015 Stanley Locks Suite 834','1988-06-07 02:03:51','0000-00-00 00:00:00',91),(34,'Sylvan','Hills','m','2002-07-01','03038 Leuschke Island','1985-06-13 00:41:56','1970-01-12 00:27:34',74),(35,'Judy','Auer','m','1978-10-03','47647 DuBuque Fords Suite 207','1991-08-11 12:42:07','2021-01-02 02:42:42',65),(36,'Vickie','Bednar','m','2012-10-23','96582 Felipa View Suite 609','1974-02-22 14:50:34','1998-11-03 10:10:30',82),(37,'Lelia','O\'Connell','f','1971-05-31','7326 Kuhn Divide','2007-06-15 03:24:40','1980-09-12 13:12:01',106),(38,'Karolann','Johnson','m','1971-11-08','129 Janessa Square','1982-04-06 11:33:41','1984-01-14 04:18:58',4),(39,'Madge','Hoeger','f','2016-02-09','2708 Jaunita Parkway Apt. 664','2009-06-27 22:02:30','0000-00-00 00:00:00',88),(40,'Lamar','Durgan','f','1992-02-05','48652 Giovanna Plains Apt. 541','2014-09-30 14:16:16','2002-01-22 22:37:03',95),(41,'Kenna','Vandervort','f','1972-10-05','842 Sierra Rapid','1970-02-01 15:10:11','1974-02-04 12:41:27',82),(42,'Brad','Ratke','m','1996-02-02','963 Sauer Manors','1970-11-11 01:58:16','2013-04-30 18:59:28',32),(43,'Jayme','Cassin','f','2015-12-14','35660 DuBuque Ridge Suite 601','1981-09-25 04:06:06','1978-10-02 20:48:41',92),(44,'Valentina','O\'Kon','m','1994-11-29','74604 Kub Lodge Apt. 110','1979-04-01 17:39:31','0000-00-00 00:00:00',35),(45,'Delia','Rowe','m','1970-06-11','5053 Pagac Glen','2015-06-17 05:54:32','1991-01-16 09:26:02',54),(46,'Jedidiah','Beier','m','1981-05-19','990 Davis Summit','2010-09-26 09:40:03','2002-08-04 09:51:31',59),(47,'Travon','Herzog','m','2004-10-28','0894 Markus Vista Suite 383','1997-06-23 21:07:31','0000-00-00 00:00:00',104),(48,'Okey','Johnston','f','1983-06-20','01452 Hane Brooks','2014-12-30 18:15:56','1981-11-05 10:24:35',60),(49,'Jamal','Murray','f','2013-11-07','386 Emmerich Landing Apt. 261','2005-06-13 07:39:30','2019-12-07 12:30:50',72),(50,'Lilla','Sanford','m','1982-04-28','93113 Maegan Well','2012-08-31 10:15:04','1975-06-15 06:48:44',11),(51,'Cedrick','Kemmer','f','2013-03-18','9981 Green Roads','1978-03-29 09:03:15','1978-02-25 12:49:59',30),(52,'Hilbert','Kling','f','2020-03-03','1594 Halvorson Square','2018-08-09 05:28:17','0000-00-00 00:00:00',114),(53,'Cornelius','Lemke','m','1975-07-18','6995 Purdy Shores','1997-02-17 21:11:38','0000-00-00 00:00:00',65),(54,'Alvera','Little','m','2014-11-05','2441 Bahringer Viaduct','1993-08-13 09:34:43','0000-00-00 00:00:00',92),(55,'Janessa','Nikolaus','f','2018-07-23','6475 Rod Islands Suite 935','1990-02-17 18:15:33','0000-00-00 00:00:00',102),(56,'Herman','Ratke','f','1997-12-17','5740 Skiles Hill Apt. 723','1983-10-24 05:46:51','1993-12-05 16:20:54',103),(57,'Margarett','Considine','m','1985-11-05','183 Torp Turnpike','1985-09-22 04:13:00','0000-00-00 00:00:00',21),(58,'Missouri','Parker','f','1984-07-23','658 Mueller Lights','1980-02-04 06:51:05','2020-11-18 07:13:57',1),(59,'Jennifer','Koelpin','m','1994-12-10','57054 Ruecker Mill','1998-10-04 22:39:56','1981-04-25 13:57:42',3),(60,'Jazmin','Fritsch','m','1976-12-12','7229 Mona Mission Apt. 301','1976-07-15 04:26:02','0000-00-00 00:00:00',80),(61,'Mae','Schimmel','f','2016-01-11','07787 Earnestine Plaza','1993-06-10 16:30:53','1985-05-31 07:05:14',7),(62,'Lewis','Murphy','m','1985-04-10','04398 Schimmel Shoal Apt. 924','1979-10-10 22:59:04','2011-11-16 17:01:02',98),(63,'Nina','Kuhn','f','2019-01-17','6915 Pfeffer Curve Apt. 602','1994-05-20 23:58:43','2019-12-19 10:02:02',37),(64,'Dariana','Ebert','f','2000-08-24','6526 Bechtelar Underpass Suite 722','1999-12-01 06:17:51','0000-00-00 00:00:00',97),(65,'Mitchel','Deckow','f','2008-09-13','27026 Boyer Fords','1976-01-29 03:09:56','0000-00-00 00:00:00',52),(66,'Terrence','Auer','m','2001-06-27','1758 Luettgen Parkways','1988-06-14 05:47:12','0000-00-00 00:00:00',101),(67,'Odie','Rau','m','2005-07-20','8761 Brakus Estate Apt. 953','1976-03-19 23:42:35','1989-09-02 01:23:43',59),(68,'Donald','Smith','f','1996-04-27','1731 Providenci Village','2011-08-09 09:17:05','2020-07-07 07:36:12',37),(69,'Claire','Pfannerstill','f','1972-10-25','278 Krajcik Key Apt. 994','1976-01-28 11:49:02','2004-02-04 15:51:19',105),(70,'Monique','Prosacco','f','1975-10-28','775 Mills Isle Apt. 148','2005-12-29 06:48:30','1986-05-12 18:49:07',26),(71,'Janae','Rempel','m','2019-10-01','36492 Deckow Drive','1996-05-28 20:34:50','0000-00-00 00:00:00',12),(72,'Randall','Rowe','f','1982-01-14','69450 Shanel Trail Apt. 612','2019-07-29 17:17:59','2014-03-09 21:15:25',66),(73,'Amya','Steuber','f','2002-12-23','822 Waino Pines Apt. 342','2002-11-04 21:50:08','1993-05-13 01:49:15',57),(74,'Marie','Dickinson','f','1999-10-11','0771 Okuneva Course Suite 127','1978-04-25 14:54:49','1988-02-05 13:26:37',103),(75,'Raul','Pfannerstill','f','1979-05-09','04668 Allan Manors','1970-12-01 16:57:55','0000-00-00 00:00:00',101),(76,'Merritt','Price','m','1990-03-08','98224 Armstrong Mountains Suite 478','2008-10-27 16:24:30','1990-04-20 23:17:16',111),(77,'Jude','Mayert','f','1978-02-24','7514 Bart Meadows','1975-09-10 23:16:26','0000-00-00 00:00:00',42),(78,'Hattie','Abernathy','f','1972-04-24','7933 Witting Terrace','2002-12-14 16:08:07','0000-00-00 00:00:00',84),(79,'Tristian','Hermann','m','1988-04-10','323 Kiehn Knoll','1983-08-22 22:32:39','1973-04-27 21:03:16',51),(80,'Roberta','Muller','m','1990-10-28','58765 Grant Hills Apt. 094','2003-09-03 18:56:49','1976-06-12 14:58:44',113),(81,'Vita','Bauch','m','1987-07-11','85628 Crona Fort Suite 469','1973-05-29 15:16:27','1989-01-10 06:25:59',95),(82,'Bernie','Bartoletti','f','1997-03-24','400 Harris Stream Suite 293','1975-03-26 22:35:11','2020-08-31 16:10:27',80),(83,'Porter','Waelchi','f','1985-08-25','5509 Pansy Rue Suite 138','1990-03-07 03:21:44','0000-00-00 00:00:00',107),(84,'Sanford','Bednar','f','2018-09-29','2972 Vergie Wells Suite 788','2003-11-26 15:05:08','2017-01-01 19:21:22',39),(85,'Lorena','Tillman','f','1984-01-07','0227 Emmy Plaza','2007-11-08 02:33:42','0000-00-00 00:00:00',51),(86,'Laura','Nitzsche','m','1989-05-02','62171 Halvorson Walks','2001-01-05 19:30:12','1977-08-02 15:41:46',89),(87,'Brice','Reichert','m','1973-03-17','89829 Shanny Turnpike','2000-12-13 03:52:42','0000-00-00 00:00:00',21),(88,'Trycia','Heathcote','f','1982-08-07','00027 Nichole Islands','2021-01-01 16:34:52','1976-11-11 17:12:59',72),(89,'Emmie','Leffler','m','1994-12-02','13797 Emard Locks Suite 753','1985-07-03 12:23:53','0000-00-00 00:00:00',89),(90,'Geoffrey','McCullough','f','2001-05-10','7586 Dibbert Underpass Apt. 090','1980-05-23 17:43:13','0000-00-00 00:00:00',24),(91,'Maci','Parisian','m','2014-01-16','23719 Ullrich Pass Suite 112','1975-03-16 12:50:50','1980-10-13 08:08:25',32),(92,'Virginie','Lesch','m','2012-05-17','74746 Willms Glen Suite 978','1981-09-21 06:14:53','0000-00-00 00:00:00',96),(93,'Gabe','Boyle','f','1987-06-10','2716 Elise Divide','2001-10-13 10:19:29','1972-04-25 10:24:31',1),(94,'Uriel','McClure','m','1993-01-18','44893 Kreiger Path Suite 577','1989-06-30 06:53:34','1975-02-19 19:23:20',68),(95,'Lexus','Maggio','f','1979-11-07','66281 Paige Crest Suite 818','1993-03-18 19:07:47','2010-11-10 08:28:52',72),(96,'Marcellus','Jenkins','f','2011-12-13','681 Tamia Groves Apt. 259','1977-09-24 00:56:39','0000-00-00 00:00:00',53),(97,'Thea','Orn','m','1988-10-25','5053 Clement Pike','2013-12-29 00:40:02','0000-00-00 00:00:00',49),(98,'Sonya','Zemlak','m','1989-03-21','44417 Rippin Trail Suite 105','2003-01-19 17:21:46','1988-08-22 19:37:00',10),(99,'Gayle','Aufderhar','m','1990-01-02','5204 Sporer Villages Apt. 466','1996-10-12 12:27:08','2011-01-29 09:18:02',90),(100,'Archibald','Cummings','f','1991-08-15','8316 Susanna Shoal Apt. 277','2019-04-19 06:35:51','1982-06-04 03:54:04',33),(101,'Gillian','Haag','m','1996-12-16','72409 Smith Shoal','1971-06-16 20:49:23','0000-00-00 00:00:00',36),(102,'Norwood','Pagac','f','1975-08-19','8728 Alysa Estates','1975-05-10 10:48:55','0000-00-00 00:00:00',101),(103,'Curtis','Gusikowski','m','2011-02-09','969 Hershel Stream Suite 133','2017-12-08 18:31:28','0000-00-00 00:00:00',99),(104,'Lelah','Lueilwitz','f','1982-02-01','187 Jast Row','2009-11-14 12:19:19','2015-11-30 20:35:43',93),(105,'Idella','Mueller','m','1974-11-21','51261 Dickinson Fort Suite 584','1981-10-07 13:27:41','0000-00-00 00:00:00',84),(106,'Lesley','Ankunding','f','1975-06-06','3010 Swift Lodge','1973-01-16 15:56:20','2004-07-19 03:00:27',79),(107,'Haley','Boyer','m','2009-03-01','2857 Kling Motorway','2002-11-19 09:18:00','2001-03-25 10:09:35',83),(108,'Rylee','Becker','m','2008-01-28','6719 Muriel Flat','2004-10-24 11:50:27','0000-00-00 00:00:00',5),(109,'Imani','Halvorson','f','1982-03-19','6099 Ursula Knoll Apt. 747','1998-07-01 19:56:42','2019-10-06 21:08:09',42),(110,'Kody','Medhurst','f','2003-11-07','64158 Morar Brook Suite 275','2018-09-05 23:19:34','1979-05-12 03:13:27',14),(111,'Anabelle','Runolfsdottir','f','1971-03-22','24158 Kuhlman Gardens','1979-09-16 03:41:20','1994-10-08 08:13:10',118),(112,'Callie','Hettinger','m','1975-07-13','87020 Finn Streets Apt. 531','1995-12-30 21:39:29','1977-04-30 03:03:05',16),(113,'Elmira','Quigley','f','1976-09-29','4544 Lucienne Points Apt. 894','1971-03-28 01:03:00','0000-00-00 00:00:00',94),(114,'Monique','Ziemann','f','2001-09-19','5205 Guadalupe Extension','1981-11-29 15:35:49','0000-00-00 00:00:00',105),(115,'Jeffery','Haag','m','1998-05-25','237 Hillard Shore','2003-11-15 06:36:43','0000-00-00 00:00:00',55),(116,'Dora','Orn','f','1979-07-31','63591 Arden Streets Apt. 193','2006-07-28 06:15:34','0000-00-00 00:00:00',24),(117,'Mercedes','Dare','f','1995-08-05','92001 Angie Spurs','2001-05-31 07:49:48','2006-06-23 07:33:15',74),(118,'Dino','O\'Hara','f','1986-06-05','199 Toney Drives','2001-11-02 07:25:06','0000-00-00 00:00:00',75),(119,'Nellie','Bergstrom','m','2004-09-27','155 Farrell Flat Apt. 473','1990-10-19 19:52:12','1989-07-17 13:55:51',96),(120,'Walter','Conroy','f','1982-09-02','92968 Lorine Mountains Suite 879','2018-01-17 19:23:22','0000-00-00 00:00:00',43);
/*!40000 ALTER TABLE `profiles` ENABLE KEYS */;
UNLOCK TABLES;

--
-- Table structure for table `users`
--

DROP TABLE IF EXISTS `users`;
/*!40101 SET @saved_cs_client     = @@character_set_client */;
/*!40101 SET character_set_client = utf8 */;
CREATE TABLE `users` (
  `id` int(10) unsigned NOT NULL AUTO_INCREMENT,
  `email` varchar(145) COLLATE utf8mb4_unicode_ci NOT NULL,
  `phone` bigint(20) NOT NULL,
  `password_hash` char(65) COLLATE utf8mb4_unicode_ci DEFAULT NULL,
  PRIMARY KEY (`id`),
  UNIQUE KEY `email_UNIQUE` (`email`),
  UNIQUE KEY `phone_UNIQUE` (`phone`)
) ENGINE=InnoDB AUTO_INCREMENT=121 DEFAULT CHARSET=utf8mb4 COLLATE=utf8mb4_unicode_ci;
/*!40101 SET character_set_client = @saved_cs_client */;

--
-- Dumping data for table `users`
--

LOCK TABLES `users` WRITE;
/*!40000 ALTER TABLE `users` DISABLE KEYS */;
INSERT INTO `users` VALUES (1,'zgrimes@example.org',79569402320,'f04d34acb190beb0fbda92b1723374c3baaff14d'),(2,'senger.elvera@example.com',79783642286,'c65e0a84fcb1e93ee91744a2d4df5a688d4edbed'),(3,'shields.wade@example.net',79362521951,'75223b29dd849d276e9395dd723c3aad5e2634f1'),(4,'elva.pacocha@example.org',79843298982,'fb140156672e2880c35e9cb6353f91370d8ebd37'),(5,'twila88@example.com',79101690413,'37a27badcb2c5ce692f5152c2e66b405da6a8643'),(6,'anderson.hadley@example.org',79421706347,'393118e2bda683a9bb3319dab14200d3c9e627bd'),(7,'marc.wyman@example.com',79315398588,'830c5aacaf9ddb39dc7032435c327bf2cef5e54b'),(8,'watsica.karine@example.net',79339350952,'f2edf4da575b3d6fb984008ec90d6076211ca311'),(9,'qdeckow@example.com',79602104691,'2c9d147c07d8acc2c86536055b0e064e88be0006'),(10,'dahlia.fadel@example.org',79095982204,'ebebd36981788d06acee6c2aceb5fbf0e3646622'),(11,'martina57@example.org',79523635158,'fe630b03a95efdf4b89c7ca0c0fa16f9f1de9392'),(12,'wmedhurst@example.org',79370832115,'d13374407807b0ee305f856414c00374c0ae0f45'),(13,'stuart31@example.org',79348325333,'5f6f5535f738fbe0207991734cf8fbe8b11ef584'),(14,'bogisich.jazmyn@example.net',79310007070,'a9c66f9054173dff7b09de136fa3547e9f082cba'),(15,'brekke.zack@example.org',79813308271,'0876c73fdc6d2552f37396b1771edf0ec2516267'),(16,'althea62@example.net',79570160267,'fa6fb0f27e75ce1856973cb73fe45d3af87f14af'),(17,'lemke.myles@example.com',79637376150,'87126adb0f5f9fa677bd5b4aad49209e0745184e'),(18,'gisselle.oberbrunner@example.org',79946347298,'0630b6c16859c792089630c9a1a242ad5e71f101'),(19,'flavio.bahringer@example.com',79715099405,'bcab4eeead7212b12b26e9742f945452843b414c'),(20,'keely.fisher@example.com',79576524217,'cb01a6b4dcaf5e253c0dc1c2ee6b88fe5cf9ac42'),(21,'vabbott@example.net',79050941444,'d1738af26adead40c2e26a7da6fa78c4256960b8'),(22,'susanna.reichert@example.com',79037485005,'02a2dba3b854914ff13819644f2071962ccb5dc6'),(23,'duncan30@example.com',79627726373,'3e014ea41697197eab076811d187c74ffec71e2f'),(24,'jfritsch@example.org',79461900471,'a58837009cc166557e8ba4e071f48b40a5c67f64'),(25,'heathcote.hailee@example.com',79074887456,'2829014510d9bfda4d01ce9928c9f531653ea255'),(26,'gordon.medhurst@example.org',79290325607,'4139357580da2250beb894cad4110c3407618e7b'),(27,'harmon.beier@example.com',79757613488,'4a87566b80ea5e7d5afb281fe7be8e8e1cbdd019'),(28,'dorothea.muller@example.com',79722786874,'b8859425a6b0051ff4b19efe84944cbe1447b34c'),(29,'brock.watsica@example.com',79480616937,'5ad2da75cc48b65ad6682fd1aa42c8b083f3e246'),(30,'mike.pacocha@example.com',79374790501,'fb2ed176c96f84f720f260b0cd4cf9b9cdbc8c25'),(31,'emiliano22@example.net',79994109711,'ac8d16c2424fd95d5f57def9d34a425ea393c0ba'),(32,'goldner.roselyn@example.org',79611224348,'01f64995bcec25f3fe3088ed6f4c368974ab93b7'),(33,'gabrielle.cummerata@example.org',79374499395,'dc3b9346f99c87bf22e05c32a368ed0780bebb65'),(34,'lhuel@example.org',79274700332,'d09e323cf123b3d01caf3202d0548456fff6ca8e'),(35,'tkoelpin@example.com',79132649139,'de53b2cea44bb4e470411eec53ab50ae0847d16e'),(36,'demetrius13@example.org',79295420521,'3da5f555dbfcccb38d8da9ca6aa2f0188db522db'),(37,'pansy56@example.org',79510101610,'15dd8268e38aadc9b32872f17664ff539016d4ca'),(38,'rempel.anna@example.org',79634291774,'bde08e1ba581e520736c39fcdb83071aaa8c1269'),(39,'tina.boyle@example.com',79508131882,'ff7f1b97b56f4e019d38be624df2ec397407dcef'),(40,'howe.vicky@example.com',79772040915,'a8c12114abdaaaf777f7027a3cc486aeaa77ab3d'),(41,'jrippin@example.org',79390952394,'1cc69a6b992eed90ccf112b8d2ad3ae800a9c237'),(42,'lehner.markus@example.net',79970839899,'39d76936ab0cd40001475b44aa3a10af00743f35'),(43,'camilla57@example.net',79890456226,'2158a15bfcbd4d1618ec67c2e78749b0e166b1c6'),(44,'mayert.keegan@example.net',79640748036,'be02fcafc49b41b3779ead8dac8765dd8454c060'),(45,'roberta.maggio@example.net',79865879335,'d58bc575bc72ea7dd541cac57c91afe2fcad5b5e'),(46,'remington.hand@example.com',79400937068,'98d776f2da7ca91c6709bc2dcce80495466c05d6'),(47,'karelle07@example.net',79808798117,'c08f0dc09b6735246cc9bef65b6cf986969e1fe6'),(48,'carole.wuckert@example.net',79881933291,'0bd6594795601e01c69792004cc5d6e27eee0757'),(49,'emmerich.gonzalo@example.com',79390877289,'13b675687890d03fb7fca02ddc8837a3293d566c'),(50,'beahan.esmeralda@example.org',79204835463,'16f6058ef9f0829e03d4278ae863481cba6b9d4e'),(51,'pgoodwin@example.com',79645725284,'0b06e1a600ac664b9dd49937ad0e3a20b7b38ffc'),(52,'hansen.carmen@example.org',79899534316,'102487dc59c8839604255eda03f50e12294dd3bc'),(53,'gwaters@example.org',79356566934,'c570c0478262d9afa2f4830f4602c2dc4affb6dd'),(54,'austin.brown@example.com',79871418669,'723ef4012c8f0b99cfa6092daf2857835b0d4163'),(55,'reyna.metz@example.com',79064027436,'86339c139b1e9e48f3652217bb3aec526d7e3742'),(56,'adams.carmella@example.org',79355171139,'53b18cdff81a985644a9d867b41e22a077cb5672'),(57,'kale.wiegand@example.net',79811729903,'f4ec85064c280b66e371b38b7af84ddd6700f2ee'),(58,'white.garnet@example.com',79861485762,'ff72a1cf79f05e6ab61f8bd41ab72e057833f56b'),(59,'ullrich.kariane@example.org',79016882431,'f6ac58a3b3f9342022be38d29221d7b578e5166f'),(60,'mwaters@example.net',79384504394,'a6892bc445c81eacfd3e8167bf31b15f67e21138'),(61,'nkuhn@example.net',79533147978,'e04433bcf8c3b58b735c926e6a67f5e7fa234c0d'),(62,'kuvalis.seamus@example.com',79858046148,'4a67795792b671a368348ee87302457ae6cd2294'),(63,'kulas.dianna@example.org',79490233006,'781fa2fa3c448d173775f21e2979550f73825104'),(64,'zwilderman@example.org',79755336696,'ea75cb2d26f96d0461d6b691986374a7ab67f0c2'),(65,'yundt.billie@example.net',79460506205,'6b810b25b34c635f29356c84abc27ca2df09cc8c'),(66,'christina.aufderhar@example.com',79318953737,'35f000ef356526189646c5bbd6814392d837cfa9'),(67,'knienow@example.org',79610438238,'3ada7201d6e4ef2fda5a96ee0c1be3dbafddc307'),(68,'gayle.zemlak@example.com',79805389918,'f9d2fafe6814fe4769bd3f53eb53b805ae0065c0'),(69,'reanna31@example.com',79982598148,'ff0c9b02d8c266d1d7036d08b072f0f2cb900493'),(70,'hilll.fritz@example.net',79783593682,'eadd21bbcfe94b3d5414e76d2088205be6505252'),(71,'brice.maggio@example.com',79905618578,'b7f00163586a3cb587721680ba4e961887bb8331'),(72,'frederic23@example.net',79855782453,'c478d6f160b2bc8044faadc0e13c3c3ce284521c'),(73,'ray.volkman@example.net',79633353073,'740561ff867b5e01ccea6715a64e1efbc6eaec82'),(74,'auer.lilian@example.net',79628727111,'cac1ca139056009d9c705db046adbb64ac0c2d4f'),(75,'qhaag@example.com',79065357902,'5ac3f625d08cb769de7355c08d920760f48dfd42'),(76,'kendall03@example.org',79277484216,'efe06eec5d4b981d9de365b40728336791162bc9'),(77,'zlabadie@example.net',79017368713,'38b62085f48e3176ef0ae44a2c53c80edcf191cf'),(78,'david.maggio@example.com',79805475280,'4ff901cb9791a852bbe4a0d377a6cac94af1ad12'),(79,'tavares.armstrong@example.net',79850546403,'8bc656a7172995449a79726b7dd15621f074912d'),(80,'kreiger.ebba@example.org',79812675289,'063ef664f18b850e7de82723c448c1035b5abae0'),(81,'amos32@example.net',79429139883,'3521435bfb019a57c7ae61e1ee1c046f4f58ef13'),(82,'felicity.auer@example.com',79438339812,'62e6474175adcc3a33c20ccf5046e989676434a6'),(83,'jermey74@example.com',79232459110,'bc37cfe085007df4b5aef0ecf7898fae3ffedb27'),(84,'luther.hickle@example.net',79566575710,'93fb6e799deaed1a4abb2c958d0a488e2311cec8'),(85,'schowalter.jovanny@example.com',79246428001,'364823fff1fbb67fac48ed5e4a91d7f75e4fdd61'),(86,'vivian60@example.net',79045169932,'a84c760750c68ec16a8951d5a72ec4e408b48a0e'),(87,'logan.howe@example.org',79241429696,'3a20de7eff45d37756825791ab6b63a6492a5b2f'),(88,'karlie83@example.com',79590043936,'e646749b338d5b08d340464fe60c106f67f117a9'),(89,'kurt.wuckert@example.org',79980412761,'b8a706733a13d80ebf5b98535f7b5714025830d6'),(90,'nbode@example.net',79660264104,'532d6b19afde12c753266fb374bef88d4a1baa9b'),(91,'kaylie.graham@example.org',79574499350,'3d32df6e3895301df2a46ade15e5c3252be170cd'),(92,'bechtelar.helene@example.com',79203593111,'f782a487a8a4657ce0ad448d6ab6ece32e5d03b7'),(93,'geoffrey07@example.org',79481582325,'886fa4d383d5997a748e40a5b99f7e3980e39e9c'),(94,'dorian66@example.net',79684622853,'89c2769cf06125614469db1f96db4299b4f3ee50'),(95,'towne.alexandria@example.com',79484838144,'087fa63a33514eb9bb6ade8103ec38f1ac283331'),(96,'kihn.marisol@example.org',79880591188,'5155fc2b78e52c2ed2a90c988eacb2562054bfd9'),(97,'amara.dubuque@example.net',79629644224,'ad9f56c01c16b545df97866a38d3602eacd6ea35'),(98,'jules.baumbach@example.net',79762656563,'c2a53b174211bca6b815d5918f43e0c5f61d56ff'),(99,'zreichel@example.net',79312323378,'25aa2b9ed4e4be2ed8c233f43a8958ce9f64de1d'),(100,'alexandrea36@example.com',79841034001,'0ba3811b2874dc6fec5f0b6fa224f99c89a494e4'),(101,'pschmeler@example.net',79883452091,'6c21dd51e2dcaf02490d1266cb1cd029f3a0c53a'),(102,'taurean.schamberger@example.net',79599528843,'13d59402fb22df53357e2f2a89564ee11ded2b3e'),(103,'chettinger@example.com',79867231731,'7db6f2b742620a377d951609bed1477a6375d824'),(104,'esther63@example.net',79219538412,'aa7a6dc468d39b2b8814dff296a6c0ce7017505d'),(105,'xavier.jacobson@example.org',79259279581,'ed83613af8bbd06f8de73dccc41352208e721138'),(106,'eleonore.blick@example.net',79703495560,'07f460706d388e57f8c9eb3459f8fd18a9758684'),(107,'camryn.heaney@example.org',79028200896,'e5e29965eedcd6a10ee1bc3851feefa997444661'),(108,'magali.marquardt@example.com',79865331260,'38159fb7e61c83e7fe2afc5f458b5a0545290773'),(109,'zkuphal@example.org',79957605744,'016ac848ef69f9711f04e5b8abb0585d2e811510'),(110,'loy.emmerich@example.net',79555673268,'4248c59dbd3d421ad716db664048664390922d3b'),(111,'lowe.aurelio@example.com',79336351269,'de1a46cb576cf31c62dccb3f040367d40a891908'),(112,'ethyl.cummings@example.com',79076815523,'a4b648f768016f86ac49c55257690c92a5975381'),(113,'rex75@example.com',79337129313,'c7d34b6926c3965e82ea27bcbe7fc1990f35cb02'),(114,'hweissnat@example.net',79635199799,'aa433fc1ab108883cde6acb1b7dc248bb8e8981a'),(115,'jaiden60@example.com',79372069802,'b65978a2ba8e24546c59c90ba267967958c0ad11'),(116,'mclaughlin.brock@example.net',79551775627,'629cfe2cdbd7a3df167bd06bfc32bfc05d9d741d'),(117,'wilhelmine.herman@example.net',79714479736,'b84a5fea26fec7768c0c64a372e7e025bc896dee'),(118,'macy.feest@example.net',79263482128,'d3f91c4fc76ecd13df19391e1e5be5f3fc162268'),(119,'anderson.josianne@example.net',79975073886,'ac80cb2bae92726d589fa8cf5ad4b87d430a21d8'),(120,'carey58@example.net',79651455653,'7fc1ce2cd2cc564d34edbae487151cc09ec2788e');
/*!40000 ALTER TABLE `users` ENABLE KEYS */;
UNLOCK TABLES;

--
-- Table structure for table `users_communities`
--

DROP TABLE IF EXISTS `users_communities`;
/*!40101 SET @saved_cs_client     = @@character_set_client */;
/*!40101 SET character_set_client = utf8 */;
CREATE TABLE `users_communities` (
  `communities_id` int(10) unsigned NOT NULL,
  `users_id` int(10) unsigned NOT NULL,
  PRIMARY KEY (`communities_id`,`users_id`),
  KEY `fk_users_communities_communities1_idx` (`communities_id`),
  KEY `fk_users_communities_users1_idx` (`users_id`),
  CONSTRAINT `fk_users_communities_communities1` FOREIGN KEY (`communities_id`) REFERENCES `communities` (`id`),
  CONSTRAINT `fk_users_communities_users1` FOREIGN KEY (`users_id`) REFERENCES `users` (`id`)
) ENGINE=InnoDB DEFAULT CHARSET=utf8mb4 COLLATE=utf8mb4_unicode_ci;
/*!40101 SET character_set_client = @saved_cs_client */;

--
-- Dumping data for table `users_communities`
--

LOCK TABLES `users_communities` WRITE;
/*!40000 ALTER TABLE `users_communities` DISABLE KEYS */;
INSERT INTO `users_communities` VALUES (1,14),(1,18),(1,20),(1,29),(1,48),(1,71),(1,107),(1,115),(2,4),(2,13),(2,22),(2,38),(2,45),(2,60),(2,92),(2,107),(2,108),(2,116),(3,2),(3,6),(3,45),(3,69),(3,105),(3,109),(3,110),(4,11),(4,19),(4,36),(4,49),(4,51),(4,81),(4,113),(5,7),(5,19),(5,27),(5,43),(5,54),(5,67),(5,78),(5,117),(6,4),(6,8),(6,18),(6,51),(6,60),(6,92),(6,96),(6,105),(6,107),(6,111),(6,112),(6,114),(6,117),(7,4),(7,37),(7,48),(7,49),(7,50),(7,58),(8,9),(8,18),(8,39),(8,42),(8,62),(8,89),(8,103),(8,108),(8,111),(9,51),(9,55),(9,56),(9,57),(9,61),(9,68),(9,88),(9,92),(9,111),(9,116),(10,17),(10,35),(10,66),(11,11),(11,20),(11,24),(11,32),(11,46),(11,55),(11,59),(11,70),(11,110),(12,14),(12,41),(12,59),(12,64),(12,75),(12,110),(12,114),(13,13),(13,26),(13,65),(13,100),(13,106),(13,115),(14,41),(14,64),(14,76),(14,77),(14,95),(14,97),(14,108),(14,110),(14,112),(15,8),(15,10),(15,57),(15,62),(15,63),(15,83),(15,93),(15,102);
/*!40000 ALTER TABLE `users_communities` ENABLE KEYS */;
UNLOCK TABLES;
/*!40103 SET TIME_ZONE=@OLD_TIME_ZONE */;

/*!40101 SET SQL_MODE=@OLD_SQL_MODE */;
/*!40014 SET FOREIGN_KEY_CHECKS=@OLD_FOREIGN_KEY_CHECKS */;
/*!40014 SET UNIQUE_CHECKS=@OLD_UNIQUE_CHECKS */;
/*!40101 SET CHARACTER_SET_CLIENT=@OLD_CHARACTER_SET_CLIENT */;
/*!40101 SET CHARACTER_SET_RESULTS=@OLD_CHARACTER_SET_RESULTS */;
/*!40101 SET COLLATION_CONNECTION=@OLD_COLLATION_CONNECTION */;
/*!40111 SET SQL_NOTES=@OLD_SQL_NOTES */;

-- Dump completed on 2021-03-02 21:18:30
